,Alpha_C1,Alpha_C2,Alpha_C3,Alpha_C4
2024-11-11 19:25:33.683073,1412.669412085988,67316.25510286189,893.3067271744341,950.2859138463566
,Alpha_C1,Alpha_C2,Alpha_C3,Alpha_C4
2024-11-11 19:25:37.887437,1086.3251442689127,34866.30948829397,648.8733899825299,728.2579153910904
,Alpha_C1,Alpha_C2,Alpha_C3,Alpha_C4
2024-11-11 19:25:41.203950,940.3649490154539,22126.011594468087,581.0372395101704,611.1009233164741
,Alpha_C1,Alpha_C2,Alpha_C3,Alpha_C4
2024-11-11 19:25:44.664670,623.5012963933898,11458.397939692295,379.6257046863745,408.0863985837548
,Alpha_C1,Alpha_C2,Alpha_C3,Alpha_C4
2024-11-11 19:25:48.097275,517.8559530248513,7654.805610779313,312.86441173148694,337.71318940037156
,Alpha_C1,Alpha_C2,Alpha_C3,Alpha_C4
2024-11-11 19:25:51.573188,1011.1097904428025,15334.660815790154,649.3523435146901,653.4050673125292
,Alpha_C1,Alpha_C2,Alpha_C3,Alpha_C4
2024-11-11 19:25:54.906404,869.30734466678,11118.14597699396,576.7605551752577,579.7413435609021
,Alpha_C1,Alpha_C2,Alpha_C3,Alpha_C4
2024-11-11 19:25:58.401470,849.2271963288326,8988.852204671462,557.460031310024,604.5594306187954
,Alpha_C1,Alpha_C2,Alpha_C3,Alpha_C4
2024-11-11 19:26:01.751633,1237.5769375040798,11181.01377344007,833.9866341670048,869.2283812776216
,Alpha_C1,Alpha_C2,Alpha_C3,Alpha_C4
2024-11-11 19:26:05.118005,991.4934715897512,8663.656450374972,660.9991719236544,704.8541885665081
,Alpha_C1,Alpha_C2,Alpha_C3,Alpha_C4
2024-11-11 19:26:08.407737,2059.3688500559,15349.469526137174,1412.2236084988836,1461.3425169874558
,Alpha_C1,Alpha_C2,Alpha_C3,Alpha_C4
2024-11-11 19:26:11.774908,1958.4264908757195,12724.907951698477,1320.5785544931719,1386.7121538347444
,Alpha_C1,Alpha_C2,Alpha_C3,Alpha_C4
2024-11-11 19:26:15.093843,1663.8032149827725,10615.488898610834,1152.9255988232273,1206.9080979123853
,Alpha_C1,Alpha_C2,Alpha_C3,Alpha_C4
2024-11-11 19:26:18.509879,1184.3155643915818,6975.488542205053,822.7029630095079,819.0295920538314
,Alpha_C1,Alpha_C2,Alpha_C3,Alpha_C4
2024-11-11 19:26:21.928372,1695.4913839656572,8809.761086405546,1135.9463615172713,1223.8413538074094
,Alpha_C1,Alpha_C2,Alpha_C3,Alpha_C4
2024-11-11 19:26:25.383546,37909.58095290549,256411.7766140936,31307.912343642933,27985.46149022238
,Alpha_C1,Alpha_C2,Alpha_C3,Alpha_C4
2024-11-11 19:26:28.837929,2586.6057169084233,13560.191567282467,1905.5158409945257,1882.9625571131473
,Alpha_C1,Alpha_C2,Alpha_C3,Alpha_C4
2024-11-11 19:26:32.330161,4412.266201318626,21412.12491349242,3385.356432343652,3303.8215581626037
,Alpha_C1,Alpha_C2,Alpha_C3,Alpha_C4
2024-11-11 19:26:35.832094,1383.0148548807576,5915.5745786936695,946.4648780360335,999.7006744295635
,Alpha_C1,Alpha_C2,Alpha_C3,Alpha_C4
2024-11-11 19:26:39.316073,2896.9285099809167,11579.526352867353,2114.1752930830476,2196.0961857903076
,Alpha_C1,Alpha_C2,Alpha_C3,Alpha_C4
2024-11-11 19:26:42.745659,3370.8933963058016,11558.276144425756,2416.2324643650927,2476.5410395038552
,Alpha_C1,Alpha_C2,Alpha_C3,Alpha_C4
2024-11-11 19:26:46.211927,1496.8273270064526,4688.608962425684,1036.1879290124455,1126.1871885364767
,Alpha_C1,Alpha_C2,Alpha_C3,Alpha_C4
2024-11-11 19:26:49.552571,2350.450064391869,7418.0000534206865,1673.7766759869403,1704.262808928274
,Alpha_C1,Alpha_C2,Alpha_C3,Alpha_C4
2024-11-11 19:26:52.965507,2214.5494736827304,6530.332940402372,1567.2337863966488,1580.517323127794
,Alpha_C1,Alpha_C2,Alpha_C3,Alpha_C4
2024-11-11 19:26:56.334947,2057.347594209682,5820.367248331906,1477.1358339303383,1495.0049400680032
,Alpha_C1,Alpha_C2,Alpha_C3,Alpha_C4
2024-11-11 19:26:59.774649,7137.270665914878,21405.151546761546,5463.167450027683,5315.592544370103
,Alpha_C1,Alpha_C2,Alpha_C3,Alpha_C4
2024-11-11 19:27:03.223614,2305.246666661607,5456.2752081182425,1628.1574800054134,1685.848505596332
,Alpha_C1,Alpha_C2,Alpha_C3,Alpha_C4
2024-11-11 19:27:06.651065,2508.1629639187095,5780.187537591023,1773.11709193534,1872.9481493078142
,Alpha_C1,Alpha_C2,Alpha_C3,Alpha_C4
2024-11-11 19:27:10.006642,2507.2808340927904,5596.35414284813,1787.383783921708,1864.9280943618962
,Alpha_C1,Alpha_C2,Alpha_C3,Alpha_C4
2024-11-11 19:27:13.391816,3918.986686542355,9257.150281857963,2749.3693354659417,2846.7915124633246
,Alpha_C1,Alpha_C2,Alpha_C3,Alpha_C4
2024-11-11 19:27:17.391432,2392.700798808871,4893.27933152368,1668.5170973701656,1692.0736723165246
,Alpha_C1,Alpha_C2,Alpha_C3,Alpha_C4
2024-11-11 19:27:20.781664,2312.899120806962,4720.9040682238665,1658.5272842339573,1678.9533725085162
,Alpha_C1,Alpha_C2,Alpha_C3,Alpha_C4
2024-11-11 19:27:24.058986,2836.5651301301064,5761.439439222846,2091.7080487708627,2082.6359116326626
,Alpha_C1,Alpha_C2,Alpha_C3,Alpha_C4
2024-11-11 19:27:27.519523,1973.5782297277517,3677.70466318745,1406.3428095666595,1425.5774576912568
,Alpha_C1,Alpha_C2,Alpha_C3,Alpha_C4
2024-11-11 19:27:30.949238,1824.4704352869462,3251.579815511281,1300.8652892201278,1325.5148349102312
,Alpha_C1,Alpha_C2,Alpha_C3,Alpha_C4
2024-11-11 19:27:34.438291,2028.7997155728315,3472.8387748114155,1429.6408322626844,1478.9997053894933
,Alpha_C1,Alpha_C2,Alpha_C3,Alpha_C4
2024-11-11 19:27:37.899141,3807.269013326131,6554.280275817439,2622.109841167375,2662.64537261196
,Alpha_C1,Alpha_C2,Alpha_C3,Alpha_C4
2024-11-11 19:27:41.443816,3593.0132166601197,6217.828466977285,2556.1969410980587,2582.6991152107507
,Alpha_C1,Alpha_C2,Alpha_C3,Alpha_C4
2024-11-11 19:27:44.908176,11543.202512483738,24360.950749360098,8586.470340518212,8564.92625403849
,Alpha_C1,Alpha_C2,Alpha_C3,Alpha_C4
2024-11-11 19:27:48.234347,14675.123171029381,24518.044004927502,10312.67527371441,9728.888427725118
,Alpha_C1,Alpha_C2,Alpha_C3,Alpha_C4
2024-11-11 19:27:51.747937,2295.392690113941,3433.3219977248878,1673.963009879337,1545.276219140259
,Alpha_C1,Alpha_C2,Alpha_C3,Alpha_C4
2024-11-11 19:27:55.208965,2138.4780469991633,3195.1576637176863,1570.4801273389846,1456.9682499576825
,Alpha_C1,Alpha_C2,Alpha_C3,Alpha_C4
2024-11-11 19:27:58.484457,6347.4808010551,8798.394649949487,4705.532201030503,4332.07292203689
,Alpha_C1,Alpha_C2,Alpha_C3,Alpha_C4
2024-11-11 19:28:01.772960,7150.575999651672,9408.306989651855,5019.99500444287,4879.423653616594
,Alpha_C1,Alpha_C2,Alpha_C3,Alpha_C4
2024-11-11 19:28:05.015969,2040.1639474096821,2724.259419848696,1463.3010831036408,1431.817100078218
,Alpha_C1,Alpha_C2,Alpha_C3,Alpha_C4
2024-11-11 19:28:08.374356,1232.5012865524986,1558.9549909170191,913.5762307740353,924.0483378091484
,Alpha_C1,Alpha_C2,Alpha_C3,Alpha_C4
2024-11-11 19:28:11.647150,5785.36243765705,7511.183810775063,4048.6251413625923,3978.681939900552
,Alpha_C1,Alpha_C2,Alpha_C3,Alpha_C4
2024-11-11 19:28:14.955455,2552.6199909429506,3257.2169538070175,1790.5752534052754,1810.2606405733627
,Alpha_C1,Alpha_C2,Alpha_C3,Alpha_C4
2024-11-11 19:28:18.342673,2219.6764149784085,2705.009914915467,1558.409642548916,1572.4176988211852
,Alpha_C1,Alpha_C2,Alpha_C3,Alpha_C4
2024-11-11 19:28:21.640498,2380.207333951016,2851.593749300022,1671.3669392023708,1655.8838877783664
,Alpha_C1,Alpha_C2,Alpha_C3,Alpha_C4
2024-11-11 19:28:25.107261,3781.240913068257,4448.518931371889,2686.0796966983653,2688.08562270705
,Alpha_C1,Alpha_C2,Alpha_C3,Alpha_C4
2024-11-11 19:28:28.483341,3314.6776964258106,3827.561699042252,2214.219758161452,2274.8025400221586
,Alpha_C1,Alpha_C2,Alpha_C3,Alpha_C4
2024-11-11 19:28:31.905976,2407.2037107856695,2888.691837404385,1560.6118796930787,1543.682460449214
,Alpha_C1,Alpha_C2,Alpha_C3,Alpha_C4
2024-11-11 19:28:35.280014,1712.3890292495817,2068.9347690191385,1127.453605200921,1103.0813291806403
,Alpha_C1,Alpha_C2,Alpha_C3,Alpha_C4
2024-11-11 19:28:38.595710,1807.6813216222517,2048.8863516609135,1167.7154566144002,1179.995080198144
,Alpha_C1,Alpha_C2,Alpha_C3,Alpha_C4
2024-11-11 19:28:41.922002,1981.4717169370635,2316.9813228492585,1258.3105853761995,1250.823320938934
,Alpha_C1,Alpha_C2,Alpha_C3,Alpha_C4
2024-11-11 19:28:45.217899,1543.277943658314,1828.7087066956515,1032.8807951351844,1009.9023064943505
,Alpha_C1,Alpha_C2,Alpha_C3,Alpha_C4
2024-11-11 19:28:48.613447,3209.1283779059845,3729.9849094662795,2109.0164230867085,2065.4956776399376
,Alpha_C1,Alpha_C2,Alpha_C3,Alpha_C4
2024-11-11 19:28:51.933280,3572.4685556638215,4055.7527767412357,2372.570736628223,2311.0078554819092
,Alpha_C1,Alpha_C2,Alpha_C3,Alpha_C4
2024-11-11 19:28:55.345656,1929.8053108209624,2193.1326979300984,1240.734126166757,1241.8248566317832
,Alpha_C1,Alpha_C2,Alpha_C3,Alpha_C4
2024-11-11 19:28:58.734516,4581.1832642692525,5247.661122120489,2968.2716951529396,2874.085796713218
,Alpha_C1,Alpha_C2,Alpha_C3,Alpha_C4
2024-11-11 19:29:02.164072,2876.6172496419067,3353.216528076576,1844.7010720137164,1812.6492055250467
,Alpha_C1,Alpha_C2,Alpha_C3,Alpha_C4
2024-11-11 19:29:05.570819,3124.16397951638,3464.2091311636127,2012.3286119860036,1931.5640420298685
,Alpha_C1,Alpha_C2,Alpha_C3,Alpha_C4
2024-11-11 19:29:09.039080,2167.8425262458686,2402.814324494545,1410.8102077470596,1379.5674994865988
,Alpha_C1,Alpha_C2,Alpha_C3,Alpha_C4
2024-11-11 19:29:12.475256,2220.9879873650993,2462.045182793488,1415.7814335673263,1360.0589893312504
,Alpha_C1,Alpha_C2,Alpha_C3,Alpha_C4
2024-11-11 19:29:15.835790,3017.499908684426,3385.6367326527466,1875.8013827532725,1854.1034392933805
,Alpha_C1,Alpha_C2,Alpha_C3,Alpha_C4
2024-11-11 19:29:19.214223,2468.3710738221966,2751.5175146828064,1521.1872985930377,1516.8750409206125
,Alpha_C1,Alpha_C2,Alpha_C3,Alpha_C4
2024-11-11 19:29:22.687828,2839.6024849009896,3214.2407835103313,1779.0119198921243,1762.451057880099
,Alpha_C1,Alpha_C2,Alpha_C3,Alpha_C4
2024-11-11 19:29:26.798799,2953.459965285835,3257.002061516784,1796.823505480737,1785.2502363591725
,Alpha_C1,Alpha_C2,Alpha_C3,Alpha_C4
2024-11-11 19:29:30.283560,2206.476023528278,2460.446175404185,1370.1652311632363,1360.5163095734715
,Alpha_C1,Alpha_C2,Alpha_C3,Alpha_C4
2024-11-11 19:29:33.723768,5059.972043082606,5755.595042934803,3113.7646220903102,3100.115385602492
,Alpha_C1,Alpha_C2,Alpha_C3,Alpha_C4
2024-11-11 19:29:37.178792,2767.2472882436523,3049.897444942407,1755.8119826630418,1706.5312471561797
,Alpha_C1,Alpha_C2,Alpha_C3,Alpha_C4
2024-11-11 19:29:40.635322,3210.377983128024,3496.8811820238157,1951.2932397522034,1969.2604067154061
,Alpha_C1,Alpha_C2,Alpha_C3,Alpha_C4
2024-11-11 19:29:44.034695,2186.121349764549,2420.4494945404854,1344.723412445729,1372.0802543867135
,Alpha_C1,Alpha_C2,Alpha_C3,Alpha_C4
2024-11-11 19:29:47.629087,3556.478919939335,3968.7942719130006,2096.337337655869,2180.185140408194
,Alpha_C1,Alpha_C2,Alpha_C3,Alpha_C4
2024-11-11 19:29:51.109252,3629.130786005199,3882.886099104304,2404.943464242935,2347.7424101577208
,Alpha_C1,Alpha_C2,Alpha_C3,Alpha_C4
2024-11-11 19:29:54.489641,235108.5706488986,237169.24335168372,203339.0535957048,203485.65414617234
,Alpha_C1,Alpha_C2,Alpha_C3,Alpha_C4
2024-11-11 19:29:57.874814,2753.468982639557,3055.7290090641636,1729.511469892022,1704.1696136566866
,Alpha_C1,Alpha_C2,Alpha_C3,Alpha_C4
2024-11-11 19:30:01.546036,2933.0295243541223,3181.8760436109396,1873.9447163672755,1872.3319689398897
,Alpha_C1,Alpha_C2,Alpha_C3,Alpha_C4
2024-11-11 19:30:05.183515,2013.4512939427589,2194.8698613684037,1294.360317336534,1269.0438678353332
,Alpha_C1,Alpha_C2,Alpha_C3,Alpha_C4
2024-11-11 19:30:08.589313,2808.8070292018197,3165.2368448829884,1806.9927839314391,1799.1617485102304
,Alpha_C1,Alpha_C2,Alpha_C3,Alpha_C4
2024-11-11 19:30:12.175478,1551.3492495642618,1751.6050960258758,978.3153875953204,966.8017418084914
,Alpha_C1,Alpha_C2,Alpha_C3,Alpha_C4
2024-11-11 19:30:15.661635,2718.564838805545,2968.421006758511,1793.6506229992685,1731.2686623306342
,Alpha_C1,Alpha_C2,Alpha_C3,Alpha_C4
2024-11-11 19:30:19.056769,4690.687757534506,5095.852947510099,3197.9987675573416,2964.053214907708
,Alpha_C1,Alpha_C2,Alpha_C3,Alpha_C4
2024-11-11 19:30:22.610320,4169.81307989684,4593.2651796050495,2757.292831228042,2568.7947238707684
,Alpha_C1,Alpha_C2,Alpha_C3,Alpha_C4
2024-11-11 19:30:25.940285,3336.2009507432117,3664.222133956954,2203.8717114505675,2073.2587326591847
,Alpha_C1,Alpha_C2,Alpha_C3,Alpha_C4
2024-11-11 19:30:29.195179,2610.655946710167,2864.0917664957697,1692.484961507675,1590.6099267652785
,Alpha_C1,Alpha_C2,Alpha_C3,Alpha_C4
2024-11-11 19:30:32.709052,3518.2154603680783,3859.192680943918,2231.423147924055,2123.675738329596
,Alpha_C1,Alpha_C2,Alpha_C3,Alpha_C4
2024-11-11 19:30:36.215232,2774.1664452136984,2977.7405138465488,1793.2019002310003,1704.5228530179631
,Alpha_C1,Alpha_C2,Alpha_C3,Alpha_C4
2024-11-11 19:30:39.524522,3243.400326089295,3593.3725748416978,2026.8625046970383,1967.7205914278732
,Alpha_C1,Alpha_C2,Alpha_C3,Alpha_C4
2024-11-11 19:30:42.830432,2895.3708475467784,3215.868931283422,1816.7310800169162,1713.3658526372506
,Alpha_C1,Alpha_C2,Alpha_C3,Alpha_C4
2024-11-11 19:30:46.245639,2262.6090790201506,2460.8139222795025,1410.3718837204542,1349.4274444647745
,Alpha_C1,Alpha_C2,Alpha_C3,Alpha_C4
2024-11-11 19:30:49.603407,4424.654310854618,4739.210143485556,2681.773203685165,2516.791671738483
,Alpha_C1,Alpha_C2,Alpha_C3,Alpha_C4
2024-11-11 19:30:52.965834,20888.12644432523,22581.428045802895,10393.879574976127,10929.284995259643
,Alpha_C1,Alpha_C2,Alpha_C3,Alpha_C4
2024-11-11 19:30:56.470759,1968.5706335486911,2233.5055843532573,855.533038105957,1026.5077711916738
,Alpha_C1,Alpha_C2,Alpha_C3,Alpha_C4
2024-11-11 19:30:59.913941,2684.7686041513684,2922.265678465863,1146.9484809379653,1508.8838413334447
,Alpha_C1,Alpha_C2,Alpha_C3,Alpha_C4
2024-11-11 19:31:03.339736,2703.8486974950924,2822.9486501450947,1155.483745968416,1587.6540404743919
,Alpha_C1,Alpha_C2,Alpha_C3,Alpha_C4
2024-11-11 19:31:06.890451,6600.208158448443,7111.57504780596,2677.4370723507886,3754.8418903496317
,Alpha_C1,Alpha_C2,Alpha_C3,Alpha_C4
2024-11-11 19:31:10.267529,6509.661466901027,7100.152373072932,2529.846712173756,3513.3124558260606
,Alpha_C1,Alpha_C2,Alpha_C3,Alpha_C4
2024-11-11 19:31:13.759134,1991.6660857511706,2106.2853992804808,735.4262442810929,1081.2499152338949
,Alpha_C1,Alpha_C2,Alpha_C3,Alpha_C4
2024-11-11 19:31:17.319494,5890.377152038364,6308.068024689076,2222.6983551302005,3244.669428955566
,Alpha_C1,Alpha_C2,Alpha_C3,Alpha_C4
2024-11-11 19:31:20.636158,2363.3659784309575,2550.3342571826893,871.0153106988292,1266.4876877290233
,Alpha_C1,Alpha_C2,Alpha_C3,Alpha_C4
2024-11-11 19:31:23.998253,11011.46263627795,11477.6207926955,3912.910435938443,6179.1711983345085
,Alpha_C1,Alpha_C2,Alpha_C3,Alpha_C4
2024-11-11 19:31:27.320215,1149.532946986819,1225.1014606244757,448.2272647149187,658.2415775533996
,Alpha_C1,Alpha_C2,Alpha_C3,Alpha_C4
2024-11-11 19:31:30.671512,229950.1698860956,239299.05575188226,85494.47694020599,120521.00189092898
,Alpha_C1,Alpha_C2,Alpha_C3,Alpha_C4
2024-11-11 19:31:34.088396,4138.900178297396,4526.468479018917,1723.731166038186,2316.033974392473
,Alpha_C1,Alpha_C2,Alpha_C3,Alpha_C4
2024-11-11 19:31:37.463218,3598.6627753158527,3896.757436371425,1327.668426723564,2036.6086028201892
,Alpha_C1,Alpha_C2,Alpha_C3,Alpha_C4
2024-11-11 19:31:40.858098,6121.757366239084,6543.429220986921,2175.6278941852324,3477.6822913086075
,Alpha_C1,Alpha_C2,Alpha_C3,Alpha_C4
2024-11-11 19:31:44.095684,2708.542461414028,2863.2296211600287,927.0064126924633,1475.303076308698
,Alpha_C1,Alpha_C2,Alpha_C3,Alpha_C4
2024-11-11 19:31:47.522331,5174.963851682195,5547.654468180383,1827.8565853306086,2941.0187919575224
,Alpha_C1,Alpha_C2,Alpha_C3,Alpha_C4
2024-11-11 19:31:50.947647,2763.328700246356,2900.841191086844,912.0792774496757,1523.092048282788
,Alpha_C1,Alpha_C2,Alpha_C3,Alpha_C4
2024-11-11 19:31:54.265095,5130.316664510962,5505.3919243961245,1722.9408630669902,2703.9304349316153
,Alpha_C1,Alpha_C2,Alpha_C3,Alpha_C4
2024-11-11 19:31:57.753246,2038.8495868780246,2189.656495371883,666.2630415127053,1098.8772986099018
,Alpha_C1,Alpha_C2,Alpha_C3,Alpha_C4
2024-11-11 19:32:01.229472,3203.593857910617,3460.7808627259146,1070.5903958406316,1720.6996158212644
,Alpha_C1,Alpha_C2,Alpha_C3,Alpha_C4
2024-11-11 19:32:04.511328,3162.0868419121794,3369.7722323632433,1098.9193391065876,1802.1919049429105
,Alpha_C1,Alpha_C2,Alpha_C3,Alpha_C4
2024-11-11 19:32:07.973223,4716.89735284301,5044.882433139179,1824.8781804302482,2249.160681271323
,Alpha_C1,Alpha_C2,Alpha_C3,Alpha_C4
2024-11-11 19:32:11.584830,5273.0655062064425,5731.9663205982415,1939.3003951640585,2942.211088976842
,Alpha_C1,Alpha_C2,Alpha_C3,Alpha_C4
2024-11-11 19:32:15.082089,2105.973735458144,2252.8153128055546,776.9671786732187,1123.0108242655472
,Alpha_C1,Alpha_C2,Alpha_C3,Alpha_C4
2024-11-11 19:32:18.693504,3741.864431809291,3988.563186233436,1445.215208031969,1849.002361658957
,Alpha_C1,Alpha_C2,Alpha_C3,Alpha_C4
2024-11-11 19:32:22.239664,4671.6830446728445,4959.167529083107,1703.5985052588162,2346.4998511574695
,Alpha_C1,Alpha_C2,Alpha_C3,Alpha_C4
2024-11-11 19:32:25.620020,6618.080105088988,6995.453646735181,2108.738242435435,3361.610745360801
,Alpha_C1,Alpha_C2,Alpha_C3,Alpha_C4
2024-11-11 19:32:29.056458,2702.009064156928,2852.0977857417174,884.020494025888,1424.0355360031065
,Alpha_C1,Alpha_C2,Alpha_C3,Alpha_C4
2024-11-11 19:32:32.441042,5640.9057629774,6092.346872143035,1866.784166229142,2996.414643711995
,Alpha_C1,Alpha_C2,Alpha_C3,Alpha_C4
2024-11-11 19:32:35.836641,2370.967622027448,2557.1285368133185,766.868024468961,1252.7429926099242
,Alpha_C1,Alpha_C2,Alpha_C3,Alpha_C4
2024-11-11 19:32:39.270304,3641.864264523827,3884.0529008187464,1292.215869759681,1946.4864109745122
,Alpha_C1,Alpha_C2,Alpha_C3,Alpha_C4
2024-11-11 19:32:42.602333,2207.2066599391264,2369.3956673234225,696.8877644935102,1127.9095789449946
,Alpha_C1,Alpha_C2,Alpha_C3,Alpha_C4
2024-11-11 19:32:46.769869,1964.5812596267235,2041.207692789568,678.1507596792624,1045.730376171183
,Alpha_C1,Alpha_C2,Alpha_C3,Alpha_C4
2024-11-11 19:32:50.169605,6997.533276413043,7570.424579563547,2368.2974160767103,3701.6106681776782
,Alpha_C1,Alpha_C2,Alpha_C3,Alpha_C4
2024-11-11 19:32:53.679213,2033.7542829712684,2198.2876070075563,679.5355128720987,1064.6481477144566
,Alpha_C1,Alpha_C2,Alpha_C3,Alpha_C4
2024-11-11 19:32:57.101548,2560.5480923559376,2714.1035956754863,797.815448030087,1315.5495666655302
,Alpha_C1,Alpha_C2,Alpha_C3,Alpha_C4
2024-11-11 19:33:00.638180,1865.561757636247,2014.863460232346,588.4201264999465,957.2277881004061
,Alpha_C1,Alpha_C2,Alpha_C3,Alpha_C4
2024-11-11 19:33:04.190699,2727.629994839527,2852.132324339961,855.3534422058375,1352.4730721949588
,Alpha_C1,Alpha_C2,Alpha_C3,Alpha_C4
2024-11-11 19:33:07.608770,2012.7709300754834,2119.496487515379,593.2401508424084,1003.3366283737573
,Alpha_C1,Alpha_C2,Alpha_C3,Alpha_C4
2024-11-11 19:33:11.134878,3336.353673963459,3476.2884506414593,1017.3127007212676,1637.0430911755666
,Alpha_C1,Alpha_C2,Alpha_C3,Alpha_C4
2024-11-11 19:33:14.555107,2599.0108946522487,2656.5846928621195,743.1770655284645,1238.0728586682371
,Alpha_C1,Alpha_C2,Alpha_C3,Alpha_C4
2024-11-11 19:33:17.974892,4165.465399106938,4365.769496349114,1251.6398784734329,2017.594322400244
,Alpha_C1,Alpha_C2,Alpha_C3,Alpha_C4
2024-11-11 19:33:21.582482,3830.0131676619394,4068.3079437592937,1152.7094357856088,1886.685530143866
,Alpha_C1,Alpha_C2,Alpha_C3,Alpha_C4
2024-11-11 19:33:24.965378,2726.6267953750926,2864.5148154998515,793.8633863160642,1257.5083997185993
,Alpha_C1,Alpha_C2,Alpha_C3,Alpha_C4
2024-11-11 19:33:28.382291,2482.5060206070657,2641.52931969172,722.9627238118157,1163.507566430399
,Alpha_C1,Alpha_C2,Alpha_C3,Alpha_C4
2024-11-11 19:33:31.848462,2267.9959119002538,2440.3291871515535,638.3419024778925,1032.5320378300926
,Alpha_C1,Alpha_C2,Alpha_C3,Alpha_C4
2024-11-11 19:33:35.313533,5812.734683455251,6099.892634410792,1736.1744588040197,2709.163849923922
,Alpha_C1,Alpha_C2,Alpha_C3,Alpha_C4
2024-11-11 19:33:38.760726,3322.1618143474175,3524.8421903753256,989.296457948877,1558.4018552201671
,Alpha_C1,Alpha_C2,Alpha_C3,Alpha_C4
2024-11-11 19:33:42.285967,6907.243153994861,7339.04960982742,2189.2482499583684,3228.8583771326603
,Alpha_C1,Alpha_C2,Alpha_C3,Alpha_C4
2024-11-11 19:33:45.722763,3502.995830893449,3761.6118504108663,1095.7734798032347,1616.058047520475
,Alpha_C1,Alpha_C2,Alpha_C3,Alpha_C4
2024-11-11 19:33:49.187944,1935.983786255025,2062.3989507314286,589.0695261751878,922.2596173348659
,Alpha_C1,Alpha_C2,Alpha_C3,Alpha_C4
2024-11-11 19:33:52.587020,6752.787032393118,7116.751570588074,1936.3993048593015,3110.5629818164934
,Alpha_C1,Alpha_C2,Alpha_C3,Alpha_C4
2024-11-11 19:33:56.020012,9411.920998794738,10016.134384681196,5343.400824232296,4418.624686577914
,Alpha_C1,Alpha_C2,Alpha_C3,Alpha_C4
2024-11-11 19:33:59.577289,3338.252090489421,3479.808514091473,2173.938325535184,1456.172789447022
,Alpha_C1,Alpha_C2,Alpha_C3,Alpha_C4
2024-11-11 19:34:03.297419,222955.58460746755,231651.71710408616,101175.12545191559,89253.67755012408
,Alpha_C1,Alpha_C2,Alpha_C3,Alpha_C4
2024-11-11 19:34:06.825355,15012.011994479813,15855.826550833564,6509.128617106017,7792.9865860075715
,Alpha_C1,Alpha_C2,Alpha_C3,Alpha_C4
2024-11-11 19:34:10.330942,5736.61154556851,6113.921697239162,2661.98960200631,2542.7271719410846
,Alpha_C1,Alpha_C2,Alpha_C3,Alpha_C4
2024-11-11 19:34:13.806348,7967.554729346159,8357.806039063906,3448.352102399087,3531.7949426309947
,Alpha_C1,Alpha_C2,Alpha_C3,Alpha_C4
2024-11-11 19:34:17.268603,320849.8421862191,321474.9748150236,290352.95508514333,290465.4511732467
,Alpha_C1,Alpha_C2,Alpha_C3,Alpha_C4
2024-11-11 19:34:20.802619,3281.2909634027483,3490.224308381378,1390.1610054783807,1473.979250796735
,Alpha_C1,Alpha_C2,Alpha_C3,Alpha_C4
2024-11-11 19:34:24.429796,2046.402240858689,2170.566968825904,842.1391634590386,891.1666864732385
,Alpha_C1,Alpha_C2,Alpha_C3,Alpha_C4
2024-11-11 19:34:28.010162,3360.7259428946154,3568.3881973140296,1367.872012568539,1492.2312122136059
,Alpha_C1,Alpha_C2,Alpha_C3,Alpha_C4
2024-11-11 19:34:31.493956,8714.959712808766,9366.761247648183,3743.7077758906275,3806.736469827651
,Alpha_C1,Alpha_C2,Alpha_C3,Alpha_C4
2024-11-11 19:34:35.083047,189851.83436073855,201954.25793851033,88186.58308712086,83173.79097955693
,Alpha_C1,Alpha_C2,Alpha_C3,Alpha_C4
2024-11-11 19:34:38.464166,229804.1750092574,239821.80650814623,103226.97265407704,96677.61882266008
,Alpha_C1,Alpha_C2,Alpha_C3,Alpha_C4
2024-11-11 19:34:41.855668,4253.359841768492,4460.034346256789,1908.8344319005582,1817.6198408798236
,Alpha_C1,Alpha_C2,Alpha_C3,Alpha_C4
2024-11-11 19:34:45.201001,3425.591936428241,3599.5296437783954,1525.288508920134,1435.6305748826826
,Alpha_C1,Alpha_C2,Alpha_C3,Alpha_C4
2024-11-11 19:34:48.431772,2906.171749289289,3058.384753398097,1274.2532323826254,1184.3453047864673
,Alpha_C1,Alpha_C2,Alpha_C3,Alpha_C4
2024-11-11 19:34:51.746898,3978.086090687989,4139.71107492175,1916.9139111982563,1722.8704110972112
,Alpha_C1,Alpha_C2,Alpha_C3,Alpha_C4
2024-11-11 19:34:55.099417,5958.698719420929,6314.023787719052,2745.182198853989,2431.075788394133
,Alpha_C1,Alpha_C2,Alpha_C3,Alpha_C4
2024-11-11 19:34:58.477534,3171.723985886035,3314.2826995502314,1421.2441490315252,1278.9797612191414
,Alpha_C1,Alpha_C2,Alpha_C3,Alpha_C4
2024-11-11 19:35:01.760968,1637.1792863124974,1737.6352073300968,726.9227705024989,696.0764157917314
,Alpha_C1,Alpha_C2,Alpha_C3,Alpha_C4
2024-11-11 19:35:05.120761,6840.615057178643,7206.079505429128,3265.5468061563042,2828.8248149064466
,Alpha_C1,Alpha_C2,Alpha_C3,Alpha_C4
2024-11-11 19:35:08.394604,8251.589960580492,8667.871266207647,4118.216467295488,3386.6060336192368
,Alpha_C1,Alpha_C2,Alpha_C3,Alpha_C4
2024-11-11 19:35:11.939846,2801.9057266216273,3007.3168273505344,1301.162236800346,1207.7124667007818
,Alpha_C1,Alpha_C2,Alpha_C3,Alpha_C4
2024-11-11 19:35:15.416685,7816.689908475327,8340.826198232273,3407.238025750178,3220.5949236098936
,Alpha_C1,Alpha_C2,Alpha_C3,Alpha_C4
2024-11-11 19:35:18.861172,2508.4614575092473,2600.8703730784796,1127.8424684572744,1067.3940534727974
,Alpha_C1,Alpha_C2,Alpha_C3,Alpha_C4
2024-11-11 19:35:22.254869,1625.8817251789094,1748.0982054557826,696.9567396877072,657.280458257115
,Alpha_C1,Alpha_C2,Alpha_C3,Alpha_C4
2024-11-11 19:35:25.668475,3687.3212243615644,3927.2948339880004,1576.719675720754,1510.1952619297708
,Alpha_C1,Alpha_C2,Alpha_C3,Alpha_C4
2024-11-11 19:35:28.996915,2337.845606316892,2504.0649025777966,958.6949356835,940.8019201937559
,Alpha_C1,Alpha_C2,Alpha_C3,Alpha_C4
2024-11-11 19:35:32.434409,1816.1899854257795,1927.737556407952,731.260399215741,714.4302550547799
,Alpha_C1,Alpha_C2,Alpha_C3,Alpha_C4
2024-11-11 19:35:36.828195,3655.1299354121547,3910.1595581784313,1443.8999959156367,1414.0557229044796
,Alpha_C1,Alpha_C2,Alpha_C3,Alpha_C4
2024-11-11 19:35:40.272101,2916.286586986468,3078.1125228685933,1140.2316139429297,1147.8570237287358
,Alpha_C1,Alpha_C2,Alpha_C3,Alpha_C4
2024-11-11 19:35:43.615244,1323.1534245075118,1372.8731236013623,521.1256868662764,534.6445739768881
,Alpha_C1,Alpha_C2,Alpha_C3,Alpha_C4
2024-11-11 19:35:46.933903,2304.7443532654192,2405.3078027833008,911.7989753582531,931.4030858654864
,Alpha_C1,Alpha_C2,Alpha_C3,Alpha_C4
2024-11-11 19:35:50.316707,5384.715367517779,5846.084294848109,2158.274823516896,2081.3044215011832
,Alpha_C1,Alpha_C2,Alpha_C3,Alpha_C4
2024-11-11 19:35:53.664415,2354.2414879440835,2489.619969293049,935.6722718305901,913.0036401784835
,Alpha_C1,Alpha_C2,Alpha_C3,Alpha_C4
2024-11-11 19:35:57.109448,2802.8529942521805,2976.106864103703,1054.7769549120935,1068.037312709926
,Alpha_C1,Alpha_C2,Alpha_C3,Alpha_C4
2024-11-11 19:36:00.463254,1471.0457686648956,1563.8789424798297,567.3057606106989,568.3550146513209
,Alpha_C1,Alpha_C2,Alpha_C3,Alpha_C4
2024-11-11 19:36:03.775376,3515.1211865808564,3844.3627275018976,1404.8303676723447,1409.7042655533835
,Alpha_C1,Alpha_C2,Alpha_C3,Alpha_C4
2024-11-11 19:36:07.131858,3093.124814127435,3294.7850484196106,1132.6964654355606,1176.70239540615
,Alpha_C1,Alpha_C2,Alpha_C3,Alpha_C4
2024-11-11 19:36:10.437902,5408.569756658853,5705.946386339187,2030.6573244359233,2062.2936284156362
,Alpha_C1,Alpha_C2,Alpha_C3,Alpha_C4
2024-11-11 19:36:13.769842,20335.960065014704,21262.49214529792,9700.978271171716,9783.476107913191
,Alpha_C1,Alpha_C2,Alpha_C3,Alpha_C4
2024-11-11 19:36:17.247595,7894.340879774778,8409.135060142078,2750.658428349676,2852.38911035042
,Alpha_C1,Alpha_C2,Alpha_C3,Alpha_C4
2024-11-11 19:36:20.559661,2375.7694705083272,2524.646971121832,832.6990074449518,905.8040564150822
,Alpha_C1,Alpha_C2,Alpha_C3,Alpha_C4
2024-11-11 19:36:23.901546,3096.5251352728314,3309.538805699353,1127.840944680223,1211.214424181378
,Alpha_C1,Alpha_C2,Alpha_C3,Alpha_C4
2024-11-11 19:36:27.373541,1724.3854775173031,1834.1077215086095,581.270758201474,627.6760250896956
,Alpha_C1,Alpha_C2,Alpha_C3,Alpha_C4
2024-11-11 19:36:30.676776,66175.57509478215,70939.8293310359,46985.77807744548,59269.051366478845
,Alpha_C1,Alpha_C2,Alpha_C3,Alpha_C4
2024-11-11 19:36:34.183312,82276.27365517871,82070.21582442816,27136.870650228462,23475.99577056295
,Alpha_C1,Alpha_C2,Alpha_C3,Alpha_C4
2024-11-11 19:36:37.639644,5900.344508151078,6294.369930794411,2065.6085838607137,2079.8736697262248
,Alpha_C1,Alpha_C2,Alpha_C3,Alpha_C4
2024-11-11 19:36:41.098230,2648.0964766943193,2801.4177903229643,976.1533751650845,975.5568646956228
,Alpha_C1,Alpha_C2,Alpha_C3,Alpha_C4
2024-11-11 19:36:44.577708,4471.487521508177,4804.264749460503,1545.4872321758733,1547.2061400979414
,Alpha_C1,Alpha_C2,Alpha_C3,Alpha_C4
2024-11-11 19:36:47.999538,1894.9094966520174,2046.550156157899,647.7437798426348,661.9487238912824
,Alpha_C1,Alpha_C2,Alpha_C3,Alpha_C4
2024-11-11 19:36:51.414550,3688.463352965323,3889.9878463079503,1296.3065303643475,1354.8536633078672
,Alpha_C1,Alpha_C2,Alpha_C3,Alpha_C4
2024-11-11 19:36:54.714739,2038.5054595072004,2196.0279971418217,698.9837084329793,734.6465594059046
,Alpha_C1,Alpha_C2,Alpha_C3,Alpha_C4
2024-11-11 19:36:58.038408,4140.8343378469035,4416.2810139784315,1483.061757515538,1522.724170014394
,Alpha_C1,Alpha_C2,Alpha_C3,Alpha_C4
2024-11-11 19:37:01.457846,1602.2854885724264,1686.1307874918966,545.4549683580901,552.6710566844105
,Alpha_C1,Alpha_C2,Alpha_C3,Alpha_C4
2024-11-11 19:37:04.894682,5602.260582466767,5960.693622597466,1830.1679409129479,1866.1159746055446
,Alpha_C1,Alpha_C2,Alpha_C3,Alpha_C4
2024-11-11 19:37:08.436659,4612.908727184897,4750.661635264897,1673.5053944572996,1637.8876747971854
,Alpha_C1,Alpha_C2,Alpha_C3,Alpha_C4
2024-11-11 19:37:11.798491,1703.0217548466787,1812.4861236534998,623.8834853219096,602.7008040966878
,Alpha_C1,Alpha_C2,Alpha_C3,Alpha_C4
2024-11-11 19:37:15.237111,4162.113835272546,4425.509246699571,1421.046581030234,1425.2057418657785
,Alpha_C1,Alpha_C2,Alpha_C3,Alpha_C4
2024-11-11 19:37:18.669469,6402.486591067004,6825.403715644603,2141.9477820954376,2132.302324889819
,Alpha_C1,Alpha_C2,Alpha_C3,Alpha_C4
2024-11-11 19:37:21.874142,2256.206702229408,2393.0265166301956,768.7982373577613,759.5241068674882
,Alpha_C1,Alpha_C2,Alpha_C3,Alpha_C4
2024-11-11 19:37:25.276374,4369.537780071843,4609.31292476864,1416.117256212327,1502.7650731991152
,Alpha_C1,Alpha_C2,Alpha_C3,Alpha_C4
2024-11-11 19:37:28.631922,2728.7011725461234,2913.9566047379003,842.517715790896,874.7199501475383
,Alpha_C1,Alpha_C2,Alpha_C3,Alpha_C4
2024-11-11 19:37:32.020704,2298.7732173355826,2390.939892349608,750.3675202945474,779.4785830867593
,Alpha_C1,Alpha_C2,Alpha_C3,Alpha_C4
2024-11-11 19:37:35.342468,3996.571594532687,4317.589367209105,1341.830590140439,1325.6056867598247
,Alpha_C1,Alpha_C2,Alpha_C3,Alpha_C4
2024-11-11 19:37:38.503602,2330.2317830831785,2469.1772051954576,796.0576486913243,767.5179515588693
,Alpha_C1,Alpha_C2,Alpha_C3,Alpha_C4
2024-11-11 19:37:41.810898,4486.540705860958,4760.449882446841,1514.1054229855863,1478.165702278087
,Alpha_C1,Alpha_C2,Alpha_C3,Alpha_C4
2024-11-11 19:37:45.080942,4008.8840273742185,4277.151059233061,1132.2282647683892,1212.1074093427092
,Alpha_C1,Alpha_C2,Alpha_C3,Alpha_C4
2024-11-11 19:37:48.462568,5658.491672093961,5977.725714171397,1576.048695917084,1751.371570543604
,Alpha_C1,Alpha_C2,Alpha_C3,Alpha_C4
2024-11-11 19:37:51.855613,3793.392269016662,4032.348476778506,1144.5825500943865,1208.1592992590936
,Alpha_C1,Alpha_C2,Alpha_C3,Alpha_C4
2024-11-11 19:37:55.186427,6672.129678778705,7181.273660115718,2080.366868255414,2105.573234102565
,Alpha_C1,Alpha_C2,Alpha_C3,Alpha_C4
2024-11-11 19:37:58.412567,4290.864159378069,4563.1604771489,1281.8622901230272,1340.8182849439527
,Alpha_C1,Alpha_C2,Alpha_C3,Alpha_C4
2024-11-11 19:38:01.756095,2963.4952968002,3150.4950581702847,802.1393116164513,827.9151361579812
,Alpha_C1,Alpha_C2,Alpha_C3,Alpha_C4
2024-11-11 19:38:05.111311,2111.6425882709073,2224.9891220686013,601.601502639004,633.2530786669424
,Alpha_C1,Alpha_C2,Alpha_C3,Alpha_C4
2024-11-11 19:38:08.399001,2741.257922427483,2881.891471012929,778.190100273782,824.2966338202989
,Alpha_C1,Alpha_C2,Alpha_C3,Alpha_C4
2024-11-11 19:38:11.638695,6728.410780272878,7225.93706437506,2014.4321407097898,2043.4377092835562
,Alpha_C1,Alpha_C2,Alpha_C3,Alpha_C4
2024-11-11 19:38:14.978989,3171.0829669585682,3360.712358665703,881.1365791378793,903.359803155035
,Alpha_C1,Alpha_C2,Alpha_C3,Alpha_C4
2024-11-11 19:38:18.378444,10533.408195212169,11249.918047894453,3305.5133888900114,3244.96699854947
,Alpha_C1,Alpha_C2,Alpha_C3,Alpha_C4
2024-11-11 19:38:21.749310,5971.145130225559,6321.483484611269,1642.3308076088142,1710.6433381730862
,Alpha_C1,Alpha_C2,Alpha_C3,Alpha_C4
2024-11-11 19:38:25.024900,3869.424690500137,4118.493940684448,746.6514070102504,1158.0474123861477
,Alpha_C1,Alpha_C2,Alpha_C3,Alpha_C4
2024-11-11 19:38:28.281757,2374.969146419146,2494.264034390749,427.49219190076934,681.3003027432262
,Alpha_C1,Alpha_C2,Alpha_C3,Alpha_C4
2024-11-11 19:38:31.685401,3904.137283897291,4145.153448939115,719.3023763878907,1163.1882501734144
,Alpha_C1,Alpha_C2,Alpha_C3,Alpha_C4
2024-11-11 19:38:35.046128,5305.055275565179,5586.012223255377,1060.4635404394776,1681.7357557277658
,Alpha_C1,Alpha_C2,Alpha_C3,Alpha_C4
2024-11-11 19:38:38.397508,3692.858178159218,3920.364728686902,711.8080942724714,1116.6077778698157
,Alpha_C1,Alpha_C2,Alpha_C3,Alpha_C4
2024-11-11 19:38:41.808317,2210.546039605977,2306.10259406424,393.9834777951014,640.0112809991489
,Alpha_C1,Alpha_C2,Alpha_C3,Alpha_C4
2024-11-11 19:38:45.193729,1982.4621660772334,2078.3045149878712,352.3463932301606,592.1932498031756
,Alpha_C1,Alpha_C2,Alpha_C3,Alpha_C4
2024-11-11 19:38:48.540812,2194.805526180257,2364.9852351549375,366.76782641715175,650.2429234096988
,Alpha_C1,Alpha_C2,Alpha_C3,Alpha_C4
2024-11-11 19:38:51.820045,2397.1817778741224,2527.0714934020853,385.5867578329297,685.5896622133589
,Alpha_C1,Alpha_C2,Alpha_C3,Alpha_C4
2024-11-11 19:38:55.095147,2813.5059451775583,2966.260473850383,514.2722198789531,879.3895343805672
,Alpha_C1,Alpha_C2,Alpha_C3,Alpha_C4
2024-11-11 19:38:58.446898,3067.9503153553137,3225.4100884559753,504.505873418684,867.7552296587666
,Alpha_C1,Alpha_C2,Alpha_C3,Alpha_C4
2024-11-11 19:39:01.697506,1737.8610206064532,1806.7393758343123,346.8622754516216,501.7835329310693
,Alpha_C1,Alpha_C2,Alpha_C3,Alpha_C4
2024-11-11 19:39:05.045268,2111.5277664590135,2250.360299202624,398.1760921052235,605.0974729050286
,Alpha_C1,Alpha_C2,Alpha_C3,Alpha_C4
2024-11-11 19:39:08.394073,1507.9998946420874,1597.599129657451,268.2615544609414,434.4161507315563
,Alpha_C1,Alpha_C2,Alpha_C3,Alpha_C4
2024-11-11 19:39:11.742557,5059.508553878288,5358.797931633203,966.8597362048274,1471.6994753523245
,Alpha_C1,Alpha_C2,Alpha_C3,Alpha_C4
2024-11-11 19:39:15.079978,2748.7246854972336,2896.60272589664,487.3773516597022,735.3057889439011
,Alpha_C1,Alpha_C2,Alpha_C3,Alpha_C4
2024-11-11 19:39:18.466962,6532.777773768659,6786.78609467264,1322.825824429086,1833.4280720806464
,Alpha_C1,Alpha_C2,Alpha_C3,Alpha_C4
2024-11-11 19:39:21.882905,2289.7871567970224,2404.8109138186774,474.40022600614344,634.8609115409718
,Alpha_C1,Alpha_C2,Alpha_C3,Alpha_C4
2024-11-11 19:39:25.190835,1919.1551904372786,2052.5939393856265,532.0105470060337,658.7078513492498
,Alpha_C1,Alpha_C2,Alpha_C3,Alpha_C4
2024-11-11 19:39:28.570803,4445.608257606694,4751.875660676576,1156.1558003804373,1423.2033589127182
