Datetime,valueEDA
2024-10-10 13:40:16.439000,17.94986
2024-10-10 13:40:16.689000,17.98316
2024-10-10 13:40:16.939000,18.06559
2024-10-10 13:40:17.189000,18.06303
2024-10-10 13:40:17.439000,18.16678
2024-10-10 13:40:17.689000,18.20009
2024-10-10 13:40:17.939000,18.24876
2024-10-10 13:40:18.189000,18.29231
2024-10-10 13:40:18.439000,18.07071
2024-10-10 13:40:18.939000,18.14328
2024-10-10 13:40:19.189000,18.33971
2024-10-10 13:40:19.439000,18.27822
2024-10-10 13:40:19.689000,18.26798
2024-10-10 13:40:19.939000,18.2462
2024-10-10 13:40:20.189000,18.24748
2024-10-10 13:40:20.439000,18.27566
2024-10-10 13:40:20.689000,18.28847
2024-10-10 13:40:20.939000,18.29488
2024-10-10 13:40:21.189000,18.31537
2024-10-10 13:40:21.439000,18.30512
2024-10-10 13:40:21.689000,18.30769
2024-10-10 13:40:21.939000,18.32434
2024-10-10 13:40:22.189000,18.32178
2024-10-10 13:40:22.439000,18.32434
2024-10-10 13:40:22.689000,18.33202
2024-10-10 13:40:22.939000,18.34227
2024-10-10 13:40:23.189000,18.34612
2024-10-10 13:40:23.439000,18.34868
2024-10-10 13:40:23.689000,18.34996
2024-10-10 13:40:23.939000,18.33587
2024-10-10 13:40:24.189000,18.33971
2024-10-10 13:40:24.439000,18.34739
2024-10-10 13:40:24.689000,18.35252
2024-10-10 13:40:24.939000,18.34483
2024-10-10 13:40:25.189000,17.45201
2024-10-10 13:40:25.439000,16.83671
2024-10-10 13:40:25.689000,16.33528
2024-10-10 13:40:25.939000,15.83692
2024-10-10 13:40:26.189000,15.33386
2024-10-10 13:40:26.439000,14.82493
2024-10-10 13:40:26.689000,14.30762
2024-10-10 13:40:26.939000,13.80652
2024-10-10 13:40:27.189000,13.30826
2024-10-10 13:40:27.439000,12.80843
2024-10-10 13:40:27.689000,12.30438
2024-10-10 13:40:27.939000,11.80414
2024-10-10 13:40:28.189000,11.30272
2024-10-10 13:40:28.439000,10.80231
2024-10-10 13:40:28.689000,10.3008
2024-10-10 13:40:28.939000,9.799495
2024-10-10 13:40:29.189000,9.298022
2024-10-10 13:40:29.439000,8.798237
2024-10-10 13:40:29.689000,8.295764
2024-10-10 13:40:29.939000,7.791414
2024-10-10 13:40:30.189000,7.264992
2024-10-10 13:40:30.439000,6.765862
2024-10-10 13:40:30.689000,6.266655
2024-10-10 13:40:30.939000,5.768814
2024-10-10 13:40:31.189000,5.270573
2024-10-10 13:40:31.439000,4.76901
2024-10-10 13:40:31.689000,4.269979
2024-10-10 13:40:31.939000,3.772113
2024-10-10 13:40:32.189000,3.989497
2024-10-10 13:40:32.439000,3.272168
2024-10-10 13:40:32.689000,2.774297
2024-10-10 13:40:32.939000,2.432946
2024-10-10 13:40:33.189000,2.590052
2024-10-10 13:40:33.439000,2.577242
2024-10-10 13:40:33.689000,2.016188
2024-10-10 13:40:33.939000,2.20833
2024-10-10 13:40:34.189000,2.308244
2024-10-10 13:40:34.439000,2.3313
2024-10-10 13:40:34.689000,2.107135
2024-10-10 13:40:34.939000,2.173744
2024-10-10 13:40:35.189000,2.815498
2024-10-10 13:40:35.439000,3.084496
2024-10-10 13:40:35.689000,3.193827
2024-10-10 13:40:35.939000,2.459846
2024-10-10 13:40:36.189000,2.79161
2024-10-10 13:40:36.439000,3.581954
2024-10-10 13:40:36.689000,2.793511
2024-10-10 13:40:36.939000,2.409889
2024-10-10 13:40:37.189000,1.777932
2024-10-10 13:40:37.439000,2.130846
2024-10-10 13:40:37.689000,1.280299
2024-10-10 13:40:37.939000,0.7933401
2024-10-10 13:40:38.189000,0.3154484
2024-10-10 13:40:38.439000,0.0
2024-10-10 13:40:38.689000,0.1806132
2024-10-10 13:40:38.939000,0.0
2024-10-10 13:40:39.189000,0.0
2024-10-10 13:40:39.439000,0.005123734
2024-10-10 13:40:39.689000,0.02049508
2024-10-10 13:40:39.939000,0.03842831
2024-10-10 13:40:40.189000,0.03842831
2024-10-10 13:40:40.439000,0.05379966
2024-10-10 13:40:40.689000,0.05636155
2024-10-10 13:40:41.189000,0.05636155
2024-10-10 13:40:41.439000,0.06276628
2024-10-10 13:40:41.689000,0.8185241
2024-10-10 13:40:41.939000,0.0
2024-10-10 13:40:42.189000,0.163961
2024-10-10 13:40:42.439000,0.03202359
2024-10-10 13:40:42.689000,0.2113559
2024-10-10 13:40:42.939000,0.1447468
2024-10-10 13:40:43.189000,0.1409039
2024-10-10 13:40:43.439000,0.1613991
2024-10-10 13:40:43.689000,0.1652419
2024-10-10 13:40:43.939000,0.2946174
2024-10-10 13:40:44.189000,0.4649831
2024-10-10 13:40:44.439000,0.2882127
2024-10-10 13:40:44.689000,0.4572974
2024-10-10 13:40:44.939000,0.1127231
2024-10-10 13:40:45.189000,0.1127231
2024-10-10 13:40:45.439000,0.08710424
2024-10-10 13:40:45.689000,0.1575562
2024-10-10 13:40:45.939000,0.8364573
2024-10-10 13:40:46.189000,0.05534742
2024-10-10 13:40:46.439000,0.0
2024-10-10 13:40:46.689000,0.8364573
2024-10-10 13:40:46.939000,1.18386
2024-10-10 13:40:47.189000,1.620732
2024-10-10 13:40:47.439000,1.143038
2024-10-10 13:40:47.689000,2.099904
2024-10-10 13:40:47.939000,2.588144
2024-10-10 13:40:48.189000,3.084496
2024-10-10 13:40:48.439000,3.581954
2024-10-10 13:40:48.689000,4.080861
2024-10-10 13:40:48.939000,4.580013
2024-10-10 13:40:49.189000,5.078677
2024-10-10 13:40:49.439000,5.553486
2024-10-10 13:40:49.689000,6.076855
2024-10-10 13:40:49.939000,6.575857
2024-10-10 13:40:50.189000,7.075378
2024-10-10 13:40:50.439000,7.573219
2024-10-10 13:40:50.689000,8.072427
2024-10-10 13:40:50.939000,8.571556
2024-10-10 13:40:51.189000,9.097978
2024-10-10 13:40:51.439000,9.602328
2024-10-10 13:40:51.689000,10.1048
2024-10-10 13:40:51.939000,10.60459
2024-10-10 13:40:52.189000,11.10606
2024-10-10 13:40:52.439000,11.60736
2024-10-10 13:40:52.689000,12.10887
2024-10-10 13:40:52.939000,12.60928
2024-10-10 13:40:53.189000,13.11071
2024-10-10 13:40:53.439000,13.61223
2024-10-10 13:40:53.689000,14.11372
2024-10-10 13:40:53.939000,14.61482
2024-10-10 13:40:54.189000,13.99353
2024-10-10 13:40:54.439000,13.8078
2024-10-10 13:40:54.689000,13.30826
2024-10-10 13:40:54.939000,12.80715
2024-10-10 13:40:55.189000,12.30566
2024-10-10 13:40:55.439000,11.80414
2024-10-10 13:40:55.689000,11.30272
2024-10-10 13:40:55.939000,10.80231
2024-10-10 13:40:56.189000,10.30208
2024-10-10 13:40:56.439000,9.799495
2024-10-10 13:40:56.689000,9.298022
2024-10-10 13:40:56.939000,10.1048
2024-10-10 13:40:57.189000,9.636191
2024-10-10 13:40:57.439000,9.386407
2024-10-10 13:40:57.689000,8.798237
2024-10-10 13:40:57.939000,9.602328
2024-10-10 13:40:58.189000,9.204296
2024-10-10 13:40:58.439000,8.796956
2024-10-10 13:40:58.689000,8.295764
2024-10-10 13:40:58.939000,7.791414
2024-10-10 13:40:59.189000,7.264992
2024-10-10 13:40:59.439000,7.503687
2024-10-10 13:40:59.689000,6.765862
2024-10-10 13:40:59.939000,7.573219
2024-10-10 13:41:00.189000,6.765862
2024-10-10 13:41:00.439000,6.266655
2024-10-10 13:41:00.689000,7.075378
2024-10-10 13:41:00.939000,7.573219
2024-10-10 13:41:01.189000,8.072427
2024-10-10 13:41:01.439000,8.528004
2024-10-10 13:41:01.689000,8.399862
2024-10-10 13:41:01.939000,9.097978
2024-10-10 13:41:02.189000,9.602328
2024-10-10 13:41:02.439000,10.1048
2024-10-10 13:41:02.689000,9.298022
2024-10-10 13:41:02.939000,8.798237
2024-10-10 13:41:03.189000,8.295764
2024-10-10 13:41:03.439000,7.791414
2024-10-10 13:41:03.689000,7.264992
2024-10-10 13:41:03.939000,6.764581
2024-10-10 13:41:04.189000,6.266655
2024-10-10 13:41:04.439000,5.768814
2024-10-10 13:41:04.689000,5.268011
2024-10-10 13:41:04.939000,4.76901
2024-10-10 13:41:05.189000,5.577825
2024-10-10 13:41:05.439000,5.24296
2024-10-10 13:41:05.689000,6.076855
2024-10-10 13:41:05.939000,6.575857
2024-10-10 13:41:06.189000,7.075378
2024-10-10 13:41:06.439000,7.573219
2024-10-10 13:41:06.689000,8.072427
2024-10-10 13:41:06.939000,8.571556
2024-10-10 13:41:07.189000,9.097978
2024-10-10 13:41:07.439000,9.602328
2024-10-10 13:41:07.689000,10.1048
2024-10-10 13:41:07.939000,10.23311
2024-10-10 13:41:08.189000,10.60459
2024-10-10 13:41:08.439000,11.10606
2024-10-10 13:41:08.689000,10.3008
2024-10-10 13:41:08.939000,9.799495
2024-10-10 13:41:09.189000,9.296741
2024-10-10 13:41:09.439000,10.1048
2024-10-10 13:41:09.689000,10.60459
2024-10-10 13:41:09.939000,11.10606
2024-10-10 13:41:10.189000,11.60736
2024-10-10 13:41:10.439000,12.10887
2024-10-10 13:41:10.689000,12.60928
2024-10-10 13:41:10.939000,13.11071
2024-10-10 13:41:11.189000,13.61223
2024-10-10 13:41:11.439000,14.11372
2024-10-10 13:41:11.689000,14.61482
2024-10-10 13:41:11.939000,15.11436
2024-10-10 13:41:12.189000,15.61419
2024-10-10 13:41:12.439000,16.12893
2024-10-10 13:41:12.689000,16.64043
2024-10-10 13:41:12.939000,17.14092
2024-10-10 13:41:13.189000,17.6316
2024-10-10 13:41:13.439000,17.8192
2024-10-10 13:41:13.689000,17.81664
2024-10-10 13:41:13.939000,17.84226
2024-10-10 13:41:14.189000,17.85122
2024-10-10 13:41:14.439000,17.8461
2024-10-10 13:41:14.689000,17.83713
2024-10-10 13:41:14.939000,17.84226
2024-10-10 13:41:15.189000,17.85635
2024-10-10 13:41:15.439000,17.85122
2024-10-10 13:41:15.689000,17.85122
2024-10-10 13:41:15.939000,17.85891
2024-10-10 13:41:16.189000,17.85378
2024-10-10 13:41:16.439000,17.86019
2024-10-10 13:41:16.689000,17.86019
2024-10-10 13:41:16.939000,17.86787
2024-10-10 13:41:17.189000,17.873
2024-10-10 13:41:17.439000,17.87684
2024-10-10 13:41:17.689000,17.8794
2024-10-10 13:41:17.939000,17.86787
2024-10-10 13:41:18.189000,17.87044
2024-10-10 13:41:18.439000,17.87428
2024-10-10 13:41:18.689000,17.873
2024-10-10 13:41:18.939000,17.87556
2024-10-10 13:41:19.189000,17.87428
2024-10-10 13:41:19.439000,17.88965
2024-10-10 13:41:19.689000,17.89221
2024-10-10 13:41:19.939000,17.88709
2024-10-10 13:41:20.189000,17.87428
2024-10-10 13:41:20.439000,17.88837
2024-10-10 13:41:20.689000,17.87684
2024-10-10 13:41:20.939000,17.88581
2024-10-10 13:41:21.189000,17.86916
2024-10-10 13:41:21.439000,17.87428
2024-10-10 13:41:21.689000,17.87172
2024-10-10 13:41:21.939000,17.87044
2024-10-10 13:41:22.189000,17.87044
2024-10-10 13:41:22.439000,17.86916
2024-10-10 13:41:22.689000,17.86659
2024-10-10 13:41:22.939000,17.86659
2024-10-10 13:41:23.189000,17.86403
2024-10-10 13:41:23.439000,17.8525
2024-10-10 13:41:23.689000,17.85891
2024-10-10 13:41:23.939000,17.85122
2024-10-10 13:41:24.189000,17.86019
2024-10-10 13:41:24.439000,17.85763
2024-10-10 13:41:24.689000,17.86147
2024-10-10 13:41:24.939000,17.87428
2024-10-10 13:41:25.189000,17.87172
2024-10-10 13:41:25.439000,17.85378
2024-10-10 13:41:25.689000,17.85122
2024-10-10 13:41:25.939000,17.86531
2024-10-10 13:41:26.189000,17.84482
2024-10-10 13:41:26.439000,17.83969
2024-10-10 13:41:26.689000,17.82817
2024-10-10 13:41:26.939000,17.82432
2024-10-10 13:41:27.189000,17.81664
2024-10-10 13:41:27.439000,17.81664
2024-10-10 13:41:27.689000,17.81023
2024-10-10 13:41:27.939000,17.81536
2024-10-10 13:41:28.189000,17.81792
2024-10-10 13:41:28.439000,17.81279
2024-10-10 13:41:28.689000,17.81023
2024-10-10 13:41:28.939000,17.80127
2024-10-10 13:41:29.189000,17.80255
2024-10-10 13:41:29.439000,17.78718
2024-10-10 13:41:29.689000,17.78846
2024-10-10 13:41:29.939000,17.76924
2024-10-10 13:41:30.189000,17.76412
2024-10-10 13:41:30.439000,17.75131
2024-10-10 13:41:30.689000,17.74747
2024-10-10 13:41:30.939000,17.75515
2024-10-10 13:41:31.189000,17.78077
2024-10-10 13:41:31.439000,17.76668
2024-10-10 13:41:31.689000,17.76796
2024-10-10 13:41:31.939000,17.76796
2024-10-10 13:41:32.189000,17.78077
2024-10-10 13:41:32.439000,17.80895
2024-10-10 13:41:32.689000,17.81536
2024-10-10 13:41:32.939000,17.81151
2024-10-10 13:41:33.189000,17.80383
2024-10-10 13:41:33.439000,17.80383
2024-10-10 13:41:33.689000,17.78333
2024-10-10 13:41:33.939000,17.77565
2024-10-10 13:41:34.189000,17.76796
2024-10-10 13:41:34.439000,17.7654
2024-10-10 13:41:34.689000,17.76027
2024-10-10 13:41:34.939000,17.75643
2024-10-10 13:41:35.189000,17.75131
2024-10-10 13:41:35.439000,17.75003
2024-10-10 13:41:35.689000,17.73466
2024-10-10 13:41:35.939000,17.34013
2024-10-10 13:41:36.189000,17.11468
2024-10-10 13:41:36.439000,17.38624
2024-10-10 13:41:36.689000,17.21331
2024-10-10 13:41:36.939000,17.18769
2024-10-10 13:41:37.189000,17.36446
2024-10-10 13:41:37.439000,17.41314
2024-10-10 13:41:37.689000,17.5169
2024-10-10 13:41:37.939000,17.62321
2024-10-10 13:41:38.189000,17.77565
2024-10-10 13:41:38.439000,17.91783
2024-10-10 13:41:38.689000,18.02031
2024-10-10 13:41:38.939000,18.29231
2024-10-10 13:41:39.189000,18.4819
2024-10-10 13:41:39.439000,18.56984
2024-10-10 13:41:39.689000,18.55703
2024-10-10 13:41:39.939000,18.53397
2024-10-10 13:41:40.189000,18.47505
2024-10-10 13:41:40.439000,18.41356
2024-10-10 13:41:40.689000,18.3572
2024-10-10 13:41:40.939000,18.33414
2024-10-10 13:41:41.189000,18.27778
2024-10-10 13:41:41.439000,18.21886
2024-10-10 13:41:41.689000,18.22014
2024-10-10 13:41:41.939000,18.21502
2024-10-10 13:41:42.189000,18.23936
2024-10-10 13:41:42.439000,18.15994
2024-10-10 13:41:42.689000,18.15225
2024-10-10 13:41:42.939000,18.09973
2024-10-10 13:41:43.189000,18.08436
2024-10-10 13:41:43.439000,18.13688
2024-10-10 13:41:43.689000,18.03312
2024-10-10 13:41:43.939000,18.05234
2024-10-10 13:41:44.189000,17.95242
2024-10-10 13:41:44.439000,17.95158
2024-10-10 13:41:44.689000,17.97208
2024-10-10 13:41:44.939000,18.02204
2024-10-10 13:41:45.189000,18.08352
2024-10-10 13:41:45.439000,18.01691
2024-10-10 13:41:45.689000,17.96567
2024-10-10 13:41:45.939000,18.10786
2024-10-10 13:41:46.189000,18.09377
2024-10-10 13:41:46.439000,18.08608
2024-10-10 13:41:46.689000,18.04893
2024-10-10 13:41:46.939000,18.04125
2024-10-10 13:41:47.189000,18.08993
2024-10-10 13:41:47.439000,18.10017
2024-10-10 13:41:47.689000,18.09761
2024-10-10 13:41:47.939000,18.07327
2024-10-10 13:41:48.189000,18.07583
2024-10-10 13:41:48.439000,18.07199
2024-10-10 13:41:48.689000,18.07712
2024-10-10 13:41:48.939000,18.06687
2024-10-10 13:41:49.189000,18.07583
2024-10-10 13:41:49.439000,18.06174
2024-10-10 13:41:49.689000,18.05278
2024-10-10 13:41:49.939000,18.05406
2024-10-10 13:41:50.189000,18.04766
2024-10-10 13:41:50.439000,18.03485
2024-10-10 13:41:50.689000,18.00538
2024-10-10 13:41:50.939000,18.00923
2024-10-10 13:41:51.189000,18.00026
2024-10-10 13:41:51.439000,17.99129
2024-10-10 13:41:51.689000,17.98104
2024-10-10 13:41:51.939000,17.96952
2024-10-10 13:41:52.189000,17.96183
2024-10-10 13:41:52.439000,17.95799
2024-10-10 13:41:52.689000,17.94774
2024-10-10 13:41:52.939000,17.96567
2024-10-10 13:41:53.189000,17.96567
2024-10-10 13:41:53.439000,17.93877
2024-10-10 13:41:53.689000,17.94774
2024-10-10 13:41:53.939000,17.92468
2024-10-10 13:41:54.189000,17.92212
2024-10-10 13:41:54.439000,17.90931
2024-10-10 13:41:54.689000,17.90547
2024-10-10 13:41:54.939000,17.90291
2024-10-10 13:41:55.189000,17.90419
2024-10-10 13:41:55.439000,17.88882
2024-10-10 13:41:55.689000,17.87345
2024-10-10 13:41:55.939000,17.87601
2024-10-10 13:41:56.189000,17.85167
2024-10-10 13:41:56.439000,17.85167
2024-10-10 13:41:56.689000,17.82093
2024-10-10 13:41:56.939000,17.83758
2024-10-10 13:41:57.189000,17.82349
2024-10-10 13:41:57.439000,17.83886
2024-10-10 13:41:57.689000,17.84142
2024-10-10 13:41:57.939000,17.84655
2024-10-10 13:41:58.189000,17.88882
2024-10-10 13:41:58.439000,17.92468
2024-10-10 13:41:58.689000,17.98104
2024-10-10 13:41:58.939000,18.04637
2024-10-10 13:41:59.189000,18.11555
2024-10-10 13:41:59.439000,18.15782
2024-10-10 13:41:59.689000,18.17319
2024-10-10 13:41:59.939000,18.18087
2024-10-10 13:42:00.189000,18.16038
2024-10-10 13:42:00.439000,18.13604
2024-10-10 13:42:00.689000,18.11939
2024-10-10 13:42:00.939000,18.09889
2024-10-10 13:42:01.189000,18.0848
2024-10-10 13:42:01.439000,18.07071
2024-10-10 13:42:01.689000,18.06174
2024-10-10 13:42:01.939000,18.05278
2024-10-10 13:42:02.189000,18.03356
2024-10-10 13:42:02.439000,18.01435
2024-10-10 13:42:02.689000,18.01307
2024-10-10 13:42:02.939000,18.0041
2024-10-10 13:42:03.189000,18.0041
2024-10-10 13:42:03.439000,18.02204
2024-10-10 13:42:03.689000,18.00154
2024-10-10 13:42:03.939000,18.0041
2024-10-10 13:42:04.189000,18.19753
2024-10-10 13:42:04.439000,18.25645
2024-10-10 13:42:04.689000,18.34227
2024-10-10 13:42:04.939000,18.41529
2024-10-10 13:42:05.189000,18.44859
2024-10-10 13:42:05.439000,18.46524
2024-10-10 13:42:05.689000,18.47037
2024-10-10 13:42:05.939000,18.47037
2024-10-10 13:42:06.189000,18.47677
2024-10-10 13:42:06.439000,18.49855
2024-10-10 13:42:06.689000,18.59418
2024-10-10 13:42:06.939000,18.64029
2024-10-10 13:42:07.189000,18.68
2024-10-10 13:42:07.439000,18.69537
2024-10-10 13:42:07.689000,18.72355
2024-10-10 13:42:07.939000,18.7133
2024-10-10 13:42:08.189000,18.70306
2024-10-10 13:42:08.439000,18.67872
2024-10-10 13:42:08.689000,18.65438
2024-10-10 13:42:08.939000,18.63645
2024-10-10 13:42:09.189000,18.61339
2024-10-10 13:42:09.439000,18.60955
2024-10-10 13:42:09.689000,18.58777
2024-10-10 13:42:09.939000,18.59674
2024-10-10 13:42:10.189000,18.58265
2024-10-10 13:42:10.439000,18.57496
2024-10-10 13:42:10.689000,18.55575
2024-10-10 13:42:10.939000,18.55319
2024-10-10 13:42:11.189000,18.55447
2024-10-10 13:42:11.439000,18.56087
2024-10-10 13:42:11.689000,18.56471
2024-10-10 13:42:11.939000,18.64413
2024-10-10 13:42:12.189000,18.31365
2024-10-10 13:42:12.439000,18.2765
2024-10-10 13:42:12.689000,18.65566
2024-10-10 13:42:12.939000,18.6262
2024-10-10 13:42:13.189000,18.63004
2024-10-10 13:42:13.439000,18.68641
2024-10-10 13:42:13.689000,18.69025
2024-10-10 13:42:13.939000,18.66847
2024-10-10 13:42:14.189000,18.66335
2024-10-10 13:42:14.439000,18.66463
2024-10-10 13:42:14.689000,18.67232
2024-10-10 13:42:14.939000,18.65951
2024-10-10 13:42:15.189000,18.65054
2024-10-10 13:42:15.439000,18.64926
2024-10-10 13:42:15.689000,18.62748
2024-10-10 13:42:15.939000,18.62492
2024-10-10 13:42:16.189000,18.60699
2024-10-10 13:42:16.439000,18.60955
2024-10-10 13:42:16.689000,18.58777
2024-10-10 13:42:16.939000,18.59418
2024-10-10 13:42:17.189000,18.59418
2024-10-10 13:42:17.439000,18.59162
2024-10-10 13:42:17.689000,18.59674
2024-10-10 13:42:17.939000,18.58905
2024-10-10 13:42:18.189000,18.61467
2024-10-10 13:42:18.439000,18.59418
2024-10-10 13:42:18.689000,18.60443
2024-10-10 13:42:18.939000,18.58777
2024-10-10 13:42:19.189000,18.59802
2024-10-10 13:42:19.439000,18.5993
2024-10-10 13:42:19.689000,18.60186
2024-10-10 13:42:19.939000,18.59674
2024-10-10 13:42:20.189000,18.59546
2024-10-10 13:42:20.439000,18.59418
2024-10-10 13:42:20.689000,18.59162
2024-10-10 13:42:20.939000,18.59162
2024-10-10 13:42:21.189000,18.58265
2024-10-10 13:42:21.439000,18.58009
2024-10-10 13:42:21.689000,18.56343
2024-10-10 13:42:21.939000,18.56215
2024-10-10 13:42:22.189000,18.58009
2024-10-10 13:42:22.439000,18.57112
2024-10-10 13:42:22.689000,18.55959
2024-10-10 13:42:22.939000,18.55831
2024-10-10 13:42:23.189000,18.55062
2024-10-10 13:42:23.439000,18.53141
2024-10-10 13:42:23.689000,18.54038
2024-10-10 13:42:23.939000,18.54294
2024-10-10 13:42:24.189000,18.53013
2024-10-10 13:42:24.439000,18.54678
2024-10-10 13:42:24.689000,18.53654
2024-10-10 13:42:24.939000,18.52885
2024-10-10 13:42:25.189000,18.49939
2024-10-10 13:42:25.439000,18.49426
2024-10-10 13:42:25.689000,18.47505
2024-10-10 13:42:25.939000,18.48145
2024-10-10 13:42:26.189000,18.47377
2024-10-10 13:42:26.439000,18.47377
2024-10-10 13:42:26.689000,18.47377
2024-10-10 13:42:26.939000,18.47249
2024-10-10 13:42:27.189000,18.46224
2024-10-10 13:42:27.439000,18.45968
2024-10-10 13:42:27.689000,18.44815
2024-10-10 13:42:27.939000,18.41613
2024-10-10 13:42:28.189000,18.42765
2024-10-10 13:42:28.439000,18.42509
2024-10-10 13:42:28.689000,18.41356
2024-10-10 13:42:28.939000,18.42765
2024-10-10 13:42:29.189000,18.411
2024-10-10 13:42:29.439000,18.39819
2024-10-10 13:42:29.689000,18.38795
2024-10-10 13:42:29.939000,18.40075
2024-10-10 13:42:30.189000,18.36617
2024-10-10 13:42:30.439000,18.36361
2024-10-10 13:42:30.689000,18.34183
2024-10-10 13:42:30.939000,18.34311
2024-10-10 13:42:31.189000,18.32133
2024-10-10 13:42:31.439000,18.32518
2024-10-10 13:42:31.689000,18.30725
2024-10-10 13:42:31.939000,18.30212
2024-10-10 13:42:32.189000,18.297
2024-10-10 13:42:32.439000,18.28803
2024-10-10 13:42:32.689000,18.28163
2024-10-10 13:42:32.939000,18.25729
2024-10-10 13:42:33.189000,18.26754
2024-10-10 13:42:33.439000,18.2432
2024-10-10 13:42:33.689000,18.25088
2024-10-10 13:42:33.939000,18.23551
2024-10-10 13:42:34.189000,18.23039
2024-10-10 13:42:34.439000,18.22655
2024-10-10 13:42:34.689000,18.22527
2024-10-10 13:42:34.939000,18.23679
2024-10-10 13:42:35.189000,18.21374
2024-10-10 13:42:35.439000,18.20989
2024-10-10 13:42:35.689000,18.18427
2024-10-10 13:42:35.939000,18.19196
2024-10-10 13:42:36.189000,18.1894
2024-10-10 13:42:36.439000,18.20605
2024-10-10 13:42:36.689000,18.18555
2024-10-10 13:42:36.939000,18.17915
2024-10-10 13:42:37.189000,18.17787
2024-10-10 13:42:37.439000,18.15609
2024-10-10 13:42:37.689000,18.18427
2024-10-10 13:42:37.939000,18.22655
2024-10-10 13:42:38.189000,18.26241
2024-10-10 13:42:38.439000,18.28803
2024-10-10 13:42:38.689000,18.33286
2024-10-10 13:42:38.939000,18.33158
2024-10-10 13:42:39.189000,18.33286
2024-10-10 13:42:39.439000,18.32774
2024-10-10 13:42:39.689000,18.29572
2024-10-10 13:42:39.939000,18.29316
2024-10-10 13:42:40.189000,18.38666
2024-10-10 13:42:40.439000,17.8397
2024-10-10 13:42:40.689000,17.35082
2024-10-10 13:42:40.939000,16.83671
2024-10-10 13:42:41.189000,17.12178
2024-10-10 13:42:41.439000,16.64655
2024-10-10 13:42:41.689000,16.88609
2024-10-10 13:42:41.939000,16.33528
2024-10-10 13:42:42.189000,15.83308
2024-10-10 13:42:42.439000,15.33386
2024-10-10 13:42:42.689000,15.48974
2024-10-10 13:42:42.939000,16.12893
2024-10-10 13:42:43.189000,15.33386
2024-10-10 13:42:43.439000,14.82237
2024-10-10 13:42:43.689000,15.61419
2024-10-10 13:42:43.939000,16.12893
2024-10-10 13:42:44.189000,16.64043
2024-10-10 13:42:44.439000,17.14092
2024-10-10 13:42:44.689000,17.64185
2024-10-10 13:42:44.939000,18.14328
2024-10-10 13:42:45.189000,18.64458
2024-10-10 13:42:45.439000,19.14627
2024-10-10 13:42:45.689000,19.48018
2024-10-10 13:42:45.939000,19.50452
2024-10-10 13:42:46.189000,19.59347
2024-10-10 13:42:46.439000,19.61909
2024-10-10 13:42:46.689000,19.62293
2024-10-10 13:42:46.939000,19.61781
2024-10-10 13:42:47.189000,19.65623
2024-10-10 13:42:47.439000,19.63574
2024-10-10 13:42:47.689000,19.63062
2024-10-10 13:42:47.939000,19.62293
2024-10-10 13:42:48.189000,19.59091
2024-10-10 13:42:48.439000,19.56913
2024-10-10 13:42:48.689000,19.56273
2024-10-10 13:42:48.939000,19.54736
2024-10-10 13:42:49.189000,19.51789
2024-10-10 13:42:49.439000,19.51789
2024-10-10 13:42:49.689000,19.49356
2024-10-10 13:42:49.939000,19.50508
2024-10-10 13:42:50.189000,19.49356
2024-10-10 13:42:50.439000,19.49228
2024-10-10 13:42:50.689000,19.48075
2024-10-10 13:42:50.939000,19.47178
2024-10-10 13:42:51.189000,19.47306
2024-10-10 13:42:51.439000,19.45257
2024-10-10 13:42:51.689000,19.46922
2024-10-10 13:42:51.939000,19.46537
2024-10-10 13:42:52.189000,19.48971
2024-10-10 13:42:52.439000,19.49996
2024-10-10 13:42:52.689000,19.51661
2024-10-10 13:42:52.939000,19.53839
2024-10-10 13:42:53.189000,19.54223
2024-10-10 13:42:53.439000,19.54351
2024-10-10 13:42:53.689000,19.54864
2024-10-10 13:42:53.939000,19.51789
2024-10-10 13:42:54.189000,19.50636
2024-10-10 13:42:54.439000,19.49612
2024-10-10 13:42:54.689000,19.49612
2024-10-10 13:42:54.939000,19.48587
2024-10-10 13:42:55.189000,19.48331
2024-10-10 13:42:55.439000,19.47434
2024-10-10 13:42:55.689000,19.47562
2024-10-10 13:42:55.939000,19.45641
2024-10-10 13:42:56.189000,19.45641
2024-10-10 13:42:56.439000,19.44232
2024-10-10 13:42:56.689000,19.45513
2024-10-10 13:42:56.939000,19.45513
2024-10-10 13:42:57.189000,19.46922
2024-10-10 13:42:57.439000,19.46025
2024-10-10 13:42:57.689000,19.43591
2024-10-10 13:42:57.939000,19.44744
2024-10-10 13:42:58.189000,19.45769
2024-10-10 13:42:58.439000,19.45128
2024-10-10 13:42:58.689000,19.43847
2024-10-10 13:42:58.939000,19.46537
2024-10-10 13:42:59.189000,19.4436
2024-10-10 13:42:59.439000,19.43719
2024-10-10 13:42:59.689000,19.42566
2024-10-10 13:42:59.939000,19.41158
2024-10-10 13:43:00.189000,19.40645
2024-10-10 13:43:00.439000,19.38468
2024-10-10 13:43:00.689000,19.38596
2024-10-10 13:43:00.939000,19.38339
2024-10-10 13:43:01.189000,19.38211
2024-10-10 13:43:01.439000,19.39108
2024-10-10 13:43:01.689000,19.336
2024-10-10 13:43:01.939000,19.35137
2024-10-10 13:43:02.189000,19.336
2024-10-10 13:43:02.439000,19.336
2024-10-10 13:43:02.689000,19.33216
2024-10-10 13:43:02.939000,19.34753
2024-10-10 13:43:03.189000,19.31807
2024-10-10 13:43:03.439000,19.30269
2024-10-10 13:43:03.689000,19.28988
2024-10-10 13:43:03.939000,19.26042
2024-10-10 13:43:04.189000,19.2553
2024-10-10 13:43:04.439000,19.24249
2024-10-10 13:43:04.689000,19.24505
2024-10-10 13:43:04.939000,19.22968
2024-10-10 13:43:05.189000,19.22071
2024-10-10 13:43:05.439000,19.22712
2024-10-10 13:43:05.689000,19.23096
2024-10-10 13:43:05.939000,19.20919
2024-10-10 13:43:06.189000,19.16948
2024-10-10 13:43:06.439000,18.98246
2024-10-10 13:43:06.689000,19.11127
2024-10-10 13:43:06.939000,19.11255
2024-10-10 13:43:07.189000,19.12664
2024-10-10 13:43:07.439000,19.11255
2024-10-10 13:43:07.689000,19.11511
2024-10-10 13:43:07.939000,19.09718
2024-10-10 13:43:08.189000,19.1023
2024-10-10 13:43:08.439000,19.09718
2024-10-10 13:43:08.689000,19.09846
2024-10-10 13:43:08.939000,19.10871
2024-10-10 13:43:09.189000,19.08821
2024-10-10 13:43:09.439000,19.07925
2024-10-10 13:43:09.689000,19.07669
2024-10-10 13:43:09.939000,19.07669
2024-10-10 13:43:10.189000,19.0626
2024-10-10 13:43:10.439000,19.05107
2024-10-10 13:43:10.689000,19.02929
2024-10-10 13:43:10.939000,19.01776
2024-10-10 13:43:11.189000,19.0088
2024-10-10 13:43:11.439000,19.00495
2024-10-10 13:43:11.689000,19.00367
2024-10-10 13:43:11.939000,18.96396
2024-10-10 13:43:12.189000,18.97677
2024-10-10 13:43:12.439000,18.97549
2024-10-10 13:43:12.689000,18.97037
2024-10-10 13:43:12.939000,18.96396
2024-10-10 13:43:13.189000,18.95115
2024-10-10 13:43:13.439000,18.93834
2024-10-10 13:43:13.689000,18.93194
2024-10-10 13:43:13.939000,18.93322
2024-10-10 13:43:14.189000,18.90504
2024-10-10 13:43:14.439000,18.90888
2024-10-10 13:43:14.689000,18.89095
2024-10-10 13:43:14.939000,18.88967
2024-10-10 13:43:15.189000,18.88967
2024-10-10 13:43:15.439000,18.88839
2024-10-10 13:43:15.689000,18.87173
2024-10-10 13:43:15.939000,18.86021
2024-10-10 13:43:16.189000,18.87302
2024-10-10 13:43:16.439000,18.83331
2024-10-10 13:43:16.689000,18.8474
2024-10-10 13:43:16.939000,18.82818
2024-10-10 13:43:17.189000,18.82946
2024-10-10 13:43:17.439000,18.84099
2024-10-10 13:43:17.689000,18.84996
2024-10-10 13:43:17.939000,18.83971
2024-10-10 13:43:18.189000,18.83203
2024-10-10 13:43:18.439000,18.82178
2024-10-10 13:43:18.689000,18.78975
2024-10-10 13:43:18.939000,18.78591
2024-10-10 13:43:19.189000,18.79232
2024-10-10 13:43:19.439000,18.78591
2024-10-10 13:43:19.689000,18.76286
2024-10-10 13:43:19.939000,18.75517
2024-10-10 13:43:20.189000,18.77566
2024-10-10 13:43:20.439000,18.73852
2024-10-10 13:43:20.689000,18.74364
2024-10-10 13:43:20.939000,18.73724
2024-10-10 13:43:21.189000,18.72443
2024-10-10 13:43:21.439000,18.7129
2024-10-10 13:43:21.689000,18.71162
2024-10-10 13:43:21.939000,18.69753
2024-10-10 13:43:22.189000,18.69753
2024-10-10 13:43:22.439000,18.69368
2024-10-10 13:43:22.689000,18.6655
2024-10-10 13:43:22.939000,18.65654
2024-10-10 13:43:23.189000,18.65269
2024-10-10 13:43:23.439000,18.65141
2024-10-10 13:43:23.689000,18.65269
2024-10-10 13:43:23.939000,18.6322
2024-10-10 13:43:24.189000,18.62067
2024-10-10 13:43:24.439000,18.60402
2024-10-10 13:43:24.689000,18.6053
2024-10-10 13:43:24.939000,18.58993
2024-10-10 13:43:25.189000,18.58224
2024-10-10 13:43:25.439000,18.57327
2024-10-10 13:43:25.689000,18.56175
2024-10-10 13:43:25.939000,18.55919
2024-10-10 13:43:26.189000,18.53869
2024-10-10 13:43:26.439000,18.55022
2024-10-10 13:43:26.689000,18.54894
2024-10-10 13:43:26.939000,18.53997
2024-10-10 13:43:27.189000,18.53357
2024-10-10 13:43:27.439000,18.52588
2024-10-10 13:43:27.689000,18.52588
2024-10-10 13:43:27.939000,18.49129
2024-10-10 13:43:28.189000,18.47377
2024-10-10 13:43:28.439000,18.46096
2024-10-10 13:43:28.689000,18.4648
2024-10-10 13:43:28.939000,18.45327
2024-10-10 13:43:29.189000,18.43662
2024-10-10 13:43:29.439000,18.46352
2024-10-10 13:43:29.689000,18.42125
2024-10-10 13:43:29.939000,18.42253
2024-10-10 13:43:30.189000,18.39563
2024-10-10 13:43:30.439000,18.39307
2024-10-10 13:43:30.689000,18.38666
2024-10-10 13:43:30.939000,18.37257
2024-10-10 13:43:31.189000,18.36233
2024-10-10 13:43:31.439000,18.34824
2024-10-10 13:43:31.689000,18.34824
2024-10-10 13:43:31.939000,18.3508
2024-10-10 13:43:32.189000,18.34183
2024-10-10 13:43:32.439000,18.3303
2024-10-10 13:43:32.689000,18.3303
2024-10-10 13:43:32.939000,18.31877
2024-10-10 13:43:33.189000,18.31493
2024-10-10 13:43:33.439000,18.3034
2024-10-10 13:43:33.689000,18.27906
2024-10-10 13:43:33.939000,18.2765
2024-10-10 13:43:34.189000,18.27394
2024-10-10 13:43:34.439000,18.25729
2024-10-10 13:43:34.689000,18.25344
2024-10-10 13:43:34.939000,18.25473
2024-10-10 13:43:35.189000,18.2496
2024-10-10 13:43:35.439000,18.21886
2024-10-10 13:43:35.689000,18.22398
2024-10-10 13:43:35.939000,18.22398
2024-10-10 13:43:36.189000,18.21374
2024-10-10 13:43:36.439000,18.2163
2024-10-10 13:43:36.689000,18.20093
2024-10-10 13:43:36.939000,18.19068
2024-10-10 13:43:37.189000,18.18812
2024-10-10 13:43:37.439000,18.18171
2024-10-10 13:43:37.689000,18.15994
2024-10-10 13:43:37.939000,18.15609
2024-10-10 13:43:38.189000,18.14072
2024-10-10 13:43:38.439000,18.142
2024-10-10 13:43:38.689000,18.14457
2024-10-10 13:43:38.939000,18.13944
2024-10-10 13:43:39.189000,18.14841
2024-10-10 13:43:39.439000,18.12663
2024-10-10 13:43:39.689000,18.11895
2024-10-10 13:43:39.939000,18.09205
2024-10-10 13:43:40.189000,18.07924
2024-10-10 13:43:40.439000,18.09973
2024-10-10 13:43:40.689000,18.07539
2024-10-10 13:43:40.939000,18.07796
2024-10-10 13:43:41.189000,18.04593
2024-10-10 13:43:41.439000,18.05234
2024-10-10 13:43:41.689000,18.03697
2024-10-10 13:43:41.939000,18.03312
2024-10-10 13:43:42.189000,18.0344
2024-10-10 13:43:42.439000,18.0216
2024-10-10 13:43:42.689000,18.0075
2024-10-10 13:43:42.939000,18.0011
2024-10-10 13:43:43.189000,18.02672
2024-10-10 13:43:43.439000,18.00494
2024-10-10 13:43:43.689000,17.99085
2024-10-10 13:43:43.939000,17.96567
2024-10-10 13:43:44.189000,17.95671
2024-10-10 13:43:44.439000,17.94134
2024-10-10 13:43:44.689000,17.94774
2024-10-10 13:43:44.939000,17.94006
2024-10-10 13:43:45.189000,17.94134
2024-10-10 13:43:45.439000,17.92725
2024-10-10 13:43:45.689000,17.90931
2024-10-10 13:43:45.939000,17.91444
2024-10-10 13:43:46.189000,17.88882
2024-10-10 13:43:46.439000,17.88626
2024-10-10 13:43:46.689000,17.87601
2024-10-10 13:43:46.939000,17.87985
2024-10-10 13:43:47.189000,17.87088
2024-10-10 13:43:47.439000,17.87217
2024-10-10 13:43:47.689000,17.86704
2024-10-10 13:43:47.939000,17.83886
2024-10-10 13:43:48.189000,17.84398
2024-10-10 13:43:48.439000,17.82221
2024-10-10 13:43:48.689000,17.82349
2024-10-10 13:43:48.939000,17.84142
2024-10-10 13:43:49.189000,17.83245
2024-10-10 13:43:49.439000,17.81965
2024-10-10 13:43:49.689000,17.80428
2024-10-10 13:43:49.939000,17.80299
2024-10-10 13:43:50.189000,17.77609
2024-10-10 13:43:50.439000,17.78122
2024-10-10 13:43:50.689000,17.75944
2024-10-10 13:43:50.939000,17.76841
2024-10-10 13:43:51.189000,17.7556
2024-10-10 13:43:51.439000,17.75432
2024-10-10 13:43:51.689000,17.75047
2024-10-10 13:43:51.939000,17.74023
2024-10-10 13:43:52.189000,17.75176
2024-10-10 13:43:52.439000,17.71717
2024-10-10 13:43:52.689000,17.71717
2024-10-10 13:43:52.939000,17.68643
2024-10-10 13:43:53.189000,17.69411
2024-10-10 13:43:53.439000,17.67234
2024-10-10 13:43:53.689000,17.66978
2024-10-10 13:43:53.939000,17.67106
2024-10-10 13:43:54.189000,17.66721
2024-10-10 13:43:54.439000,17.66337
2024-10-10 13:43:54.689000,17.65953
2024-10-10 13:43:54.939000,17.66337
2024-10-10 13:43:55.189000,17.64031
2024-10-10 13:43:55.439000,17.64159
2024-10-10 13:43:55.689000,17.61085
2024-10-10 13:43:55.939000,17.62366
2024-10-10 13:43:56.189000,17.6211
2024-10-10 13:43:56.439000,17.62366
2024-10-10 13:43:56.689000,17.62494
2024-10-10 13:43:56.939000,17.61982
2024-10-10 13:43:57.189000,17.60701
2024-10-10 13:43:57.439000,17.58395
2024-10-10 13:43:57.689000,17.59292
2024-10-10 13:43:57.939000,17.55449
2024-10-10 13:43:58.189000,17.56474
2024-10-10 13:43:58.439000,17.55833
2024-10-10 13:43:58.689000,17.55577
2024-10-10 13:43:58.939000,17.55065
2024-10-10 13:43:59.189000,17.54168
2024-10-10 13:43:59.439000,17.52759
2024-10-10 13:43:59.689000,17.50966
2024-10-10 13:43:59.939000,17.51094
2024-10-10 13:44:00.189000,17.4802
2024-10-10 13:44:00.439000,17.48359
2024-10-10 13:44:00.689000,17.48615
2024-10-10 13:44:00.939000,17.48231
2024-10-10 13:44:01.189000,17.47847
2024-10-10 13:44:01.439000,17.47847
2024-10-10 13:44:01.689000,17.46694
2024-10-10 13:44:01.939000,17.46181
2024-10-10 13:44:02.189000,17.44644
2024-10-10 13:44:02.439000,17.44388
2024-10-10 13:44:02.689000,17.43876
2024-10-10 13:44:02.939000,17.42851
2024-10-10 13:44:03.189000,17.42467
2024-10-10 13:44:03.439000,17.42082
2024-10-10 13:44:03.689000,17.39521
2024-10-10 13:44:03.939000,17.39905
2024-10-10 13:44:04.189000,17.37984
2024-10-10 13:44:04.439000,17.37215
2024-10-10 13:44:04.689000,17.36446
2024-10-10 13:44:04.939000,17.35934
2024-10-10 13:44:05.189000,17.35678
2024-10-10 13:44:05.439000,17.3555
2024-10-10 13:44:05.689000,17.34141
2024-10-10 13:44:05.939000,17.30938
2024-10-10 13:44:06.189000,17.31707
2024-10-10 13:44:06.439000,17.30554
2024-10-10 13:44:06.689000,17.29914
2024-10-10 13:44:06.939000,17.30938
2024-10-10 13:44:07.189000,17.29401
2024-10-10 13:44:07.439000,17.29529
2024-10-10 13:44:07.689000,17.29273
2024-10-10 13:44:07.939000,17.27864
2024-10-10 13:44:08.189000,17.25686
2024-10-10 13:44:08.439000,17.25302
2024-10-10 13:44:08.689000,17.23765
2024-10-10 13:44:08.939000,17.22612
2024-10-10 13:44:09.189000,17.23253
2024-10-10 13:44:09.439000,17.21972
2024-10-10 13:44:09.689000,17.21587
2024-10-10 13:44:09.939000,17.20819
2024-10-10 13:44:10.189000,17.20306
2024-10-10 13:44:10.439000,17.18129
2024-10-10 13:44:10.689000,17.18385
2024-10-10 13:44:10.939000,17.2005
2024-10-10 13:44:11.189000,17.18513
2024-10-10 13:44:11.439000,17.17744
2024-10-10 13:44:11.689000,17.17232
2024-10-10 13:44:11.939000,17.18513
2024-10-10 13:44:12.189000,17.14286
2024-10-10 13:44:12.439000,17.1467
2024-10-10 13:44:12.689000,17.12365
2024-10-10 13:44:12.939000,17.12365
2024-10-10 13:44:13.189000,17.12236
2024-10-10 13:44:13.439000,17.12236
2024-10-10 13:44:13.689000,17.11724
2024-10-10 13:44:13.939000,17.11852
2024-10-10 13:44:14.189000,17.09803
2024-10-10 13:44:14.439000,17.0929
2024-10-10 13:44:14.689000,17.08906
2024-10-10 13:44:14.939000,17.08265
2024-10-10 13:44:15.189000,17.07241
2024-10-10 13:44:15.439000,17.07497
2024-10-10 13:44:15.689000,17.06216
2024-10-10 13:44:15.939000,17.0596
2024-10-10 13:44:16.189000,17.05319
2024-10-10 13:44:16.439000,17.05576
2024-10-10 13:44:16.689000,17.03782
2024-10-10 13:44:16.939000,17.04807
2024-10-10 13:44:17.189000,17.04551
2024-10-10 13:44:17.439000,17.04423
2024-10-10 13:44:17.689000,17.04935
2024-10-10 13:44:17.939000,17.04679
2024-10-10 13:44:18.189000,17.04038
2024-10-10 13:44:18.439000,17.03142
2024-10-10 13:44:18.689000,17.02501
2024-10-10 13:44:18.939000,16.99811
2024-10-10 13:44:19.189000,17.00964
2024-10-10 13:44:19.439000,16.99043
2024-10-10 13:44:19.689000,16.97319
2024-10-10 13:44:19.939000,16.97447
2024-10-10 13:44:20.189000,16.97063
2024-10-10 13:44:20.439000,16.96679
2024-10-10 13:44:20.689000,16.93861
2024-10-10 13:44:20.939000,16.95014
2024-10-10 13:44:21.189000,16.92196
2024-10-10 13:44:21.439000,16.92452
2024-10-10 13:44:21.689000,16.91683
2024-10-10 13:44:21.939000,16.90915
2024-10-10 13:44:22.189000,16.90658
2024-10-10 13:44:22.439000,16.9053
2024-10-10 13:44:22.689000,16.89506
2024-10-10 13:44:22.939000,16.87712
2024-10-10 13:44:23.189000,16.8784
2024-10-10 13:44:23.439000,16.85535
2024-10-10 13:44:23.689000,16.8515
2024-10-10 13:44:23.939000,16.84894
2024-10-10 13:44:24.189000,16.84894
2024-10-10 13:44:24.439000,16.86047
2024-10-10 13:44:24.689000,16.86047
2024-10-10 13:44:24.939000,16.87328
2024-10-10 13:44:25.189000,16.87456
2024-10-10 13:44:25.439000,16.90018
2024-10-10 13:44:25.689000,16.91427
2024-10-10 13:44:25.939000,16.91811
2024-10-10 13:44:26.189000,16.91811
2024-10-10 13:44:26.439000,16.91171
2024-10-10 13:44:26.689000,16.90146
2024-10-10 13:44:26.939000,16.89506
2024-10-10 13:44:27.189000,16.87712
2024-10-10 13:44:27.439000,16.85022
2024-10-10 13:44:27.689000,16.8451
2024-10-10 13:44:27.939000,16.8246
2024-10-10 13:44:28.189000,16.81948
2024-10-10 13:44:28.439000,16.81051
2024-10-10 13:44:28.689000,16.79898
2024-10-10 13:44:28.939000,16.80155
2024-10-10 13:44:29.189000,16.79514
2024-10-10 13:44:29.439000,16.77849
2024-10-10 13:44:29.689000,16.75031
2024-10-10 13:44:29.939000,16.75543
2024-10-10 13:44:30.189000,16.74134
2024-10-10 13:44:30.439000,16.73878
2024-10-10 13:44:30.689000,16.72341
2024-10-10 13:44:30.939000,16.72597
2024-10-10 13:44:31.189000,16.72341
2024-10-10 13:44:31.439000,16.72085
2024-10-10 13:44:31.689000,16.70932
2024-10-10 13:44:31.939000,16.70676
2024-10-10 13:44:32.189000,16.70804
2024-10-10 13:44:32.439000,16.67601
2024-10-10 13:44:32.689000,16.6837
2024-10-10 13:44:32.939000,16.66705
2024-10-10 13:44:33.189000,16.66064
2024-10-10 13:44:33.439000,16.65936
2024-10-10 13:44:33.689000,16.6568
2024-10-10 13:44:33.939000,16.65296
2024-10-10 13:44:34.189000,16.62478
2024-10-10 13:44:34.439000,16.62606
2024-10-10 13:44:34.689000,16.603
2024-10-10 13:44:34.939000,16.61069
2024-10-10 13:44:35.189000,16.61965
2024-10-10 13:44:35.439000,16.60044
2024-10-10 13:44:35.689000,16.5966
2024-10-10 13:44:35.939000,16.59019
2024-10-10 13:44:36.189000,16.58763
2024-10-10 13:44:36.439000,16.56329
2024-10-10 13:44:36.939000,16.5556
2024-10-10 13:44:37.189000,16.55048
2024-10-10 13:44:37.439000,16.54023
2024-10-10 13:44:37.689000,16.52614
2024-10-10 13:44:37.939000,16.5428
2024-10-10 13:44:38.189000,16.50693
2024-10-10 13:44:38.439000,16.50949
2024-10-10 13:44:38.689000,16.49284
2024-10-10 13:44:38.939000,16.49533
2024-10-10 13:44:39.189000,16.47099
2024-10-10 13:44:39.439000,16.46586
2024-10-10 13:44:39.689000,16.46202
2024-10-10 13:44:39.939000,16.45177
2024-10-10 13:44:40.189000,16.44793
2024-10-10 13:44:40.439000,16.43896
2024-10-10 13:44:40.689000,16.43512
2024-10-10 13:44:40.939000,16.43384
2024-10-10 13:44:41.189000,16.42872
2024-10-10 13:44:41.439000,16.40566
2024-10-10 13:44:41.689000,16.40438
2024-10-10 13:44:41.939000,16.39926
2024-10-10 13:44:42.189000,16.39157
2024-10-10 13:44:42.439000,16.38901
2024-10-10 13:44:42.689000,16.38132
2024-10-10 13:44:42.939000,16.37235
2024-10-10 13:44:43.189000,16.34418
2024-10-10 13:44:43.439000,16.34418
2024-10-10 13:44:43.689000,16.33008
2024-10-10 13:44:43.939000,16.33521
2024-10-10 13:44:44.189000,16.31984
2024-10-10 13:44:44.439000,16.31471
2024-10-10 13:44:44.689000,16.31856
2024-10-10 13:44:44.939000,16.31599
2024-10-10 13:44:45.189000,16.31471
2024-10-10 13:44:45.439000,16.28781
2024-10-10 13:44:45.689000,16.29422
2024-10-10 13:44:45.939000,16.27244
2024-10-10 13:44:46.189000,16.27757
2024-10-10 13:44:46.439000,16.26219
2024-10-10 13:44:46.689000,16.25579
2024-10-10 13:44:46.939000,16.25323
2024-10-10 13:44:47.189000,16.25323
2024-10-10 13:44:47.439000,16.24682
2024-10-10 13:44:47.689000,16.2212
2024-10-10 13:44:47.939000,16.22761
2024-10-10 13:44:48.189000,16.20583
2024-10-10 13:44:48.439000,16.21352
2024-10-10 13:44:48.689000,16.1879
2024-10-10 13:44:48.939000,16.19046
2024-10-10 13:44:49.189000,16.19815
2024-10-10 13:44:49.689000,16.1879
2024-10-10 13:44:49.939000,16.161
2024-10-10 13:44:50.189000,16.15844
2024-10-10 13:44:50.439000,16.14435
2024-10-10 13:44:50.689000,16.15716
2024-10-10 13:44:50.939000,16.15075
2024-10-10 13:44:51.189000,16.15075
2024-10-10 13:44:51.439000,16.1405
2024-10-10 13:44:51.689000,16.13154
2024-10-10 13:44:51.939000,16.12129
2024-10-10 13:44:52.189000,16.09823
2024-10-10 13:44:52.439000,16.10464
2024-10-10 13:44:52.689000,16.08542
2024-10-10 13:44:52.939000,16.09567
2024-10-10 13:44:53.189000,16.10848
2024-10-10 13:44:53.439000,16.09951
2024-10-10 13:44:53.689000,16.08927
2024-10-10 13:44:53.939000,16.08927
2024-10-10 13:44:54.439000,16.0534
2024-10-10 13:44:54.689000,16.0598
2024-10-10 13:44:54.939000,16.03547
2024-10-10 13:44:55.189000,16.03675
2024-10-10 13:44:55.439000,16.03931
2024-10-10 13:44:55.689000,16.02266
2024-10-10 13:44:55.939000,16.02266
2024-10-10 13:44:56.189000,16.0201
2024-10-10 13:44:56.439000,16.03419
2024-10-10 13:44:56.689000,16.00088
2024-10-10 13:44:56.939000,16.00472
2024-10-10 13:44:57.189000,16.00985
2024-10-10 13:44:57.439000,15.99063
2024-10-10 13:44:57.689000,15.97818
2024-10-10 13:44:57.939000,15.97177
2024-10-10 13:44:58.189000,15.96921
2024-10-10 13:44:58.439000,15.95896
2024-10-10 13:44:58.689000,15.95128
2024-10-10 13:44:58.939000,15.93463
2024-10-10 13:44:59.189000,15.9295
2024-10-10 13:44:59.439000,15.93206
2024-10-10 13:44:59.689000,15.9295
2024-10-10 13:44:59.939000,15.92182
2024-10-10 13:45:00.189000,15.90388
2024-10-10 13:45:00.439000,15.9026
2024-10-10 13:45:00.689000,15.88979
2024-10-10 13:45:00.939000,15.88851
2024-10-10 13:45:01.189000,15.88339
2024-10-10 13:45:01.439000,15.88595
2024-10-10 13:45:01.689000,15.87698
2024-10-10 13:45:01.939000,15.85265
2024-10-10 13:45:02.189000,15.85777
2024-10-10 13:45:02.439000,15.85265
2024-10-10 13:45:02.689000,15.84624
2024-10-10 13:45:02.939000,15.84624
2024-10-10 13:45:03.189000,15.84368
2024-10-10 13:45:03.439000,15.83215
2024-10-10 13:45:03.689000,15.81678
2024-10-10 13:45:03.939000,15.8219
2024-10-10 13:45:04.189000,15.80269
2024-10-10 13:45:04.439000,15.795
2024-10-10 13:45:04.689000,15.79372
2024-10-10 13:45:04.939000,15.7886
2024-10-10 13:45:05.189000,15.77835
2024-10-10 13:45:05.439000,15.77323
2024-10-10 13:45:05.689000,15.7681
2024-10-10 13:45:05.939000,15.75145
2024-10-10 13:45:06.189000,15.74505
2024-10-10 13:45:06.439000,15.75017
2024-10-10 13:45:06.689000,15.74761
2024-10-10 13:45:06.939000,15.73736
2024-10-10 13:45:07.189000,15.71558
2024-10-10 13:45:07.439000,15.71687
2024-10-10 13:45:07.689000,15.7079
2024-10-10 13:45:07.939000,15.70662
2024-10-10 13:45:08.189000,15.70534
2024-10-10 13:45:08.439000,15.67972
2024-10-10 13:45:08.689000,15.68484
2024-10-10 13:45:08.939000,15.66563
2024-10-10 13:45:09.189000,15.66435
2024-10-10 13:45:09.439000,15.66947
2024-10-10 13:45:09.689000,15.66947
2024-10-10 13:45:09.939000,15.65794
2024-10-10 13:45:10.189000,15.62464
2024-10-10 13:45:10.439000,15.6336
2024-10-10 13:45:10.689000,15.6272
2024-10-10 13:45:10.939000,15.61823
2024-10-10 13:45:11.189000,15.63617
2024-10-10 13:45:11.439000,15.59902
2024-10-10 13:45:11.689000,15.6003
2024-10-10 13:45:11.939000,15.60414
2024-10-10 13:45:12.189000,15.58749
2024-10-10 13:45:12.439000,15.59005
2024-10-10 13:45:12.689000,15.58365
2024-10-10 13:45:12.939000,15.57596
2024-10-10 13:45:13.189000,15.55803
2024-10-10 13:45:13.439000,15.55419
2024-10-10 13:45:13.689000,15.56059
2024-10-10 13:45:13.939000,15.55547
2024-10-10 13:45:14.189000,15.5465
2024-10-10 13:45:14.439000,15.5401
2024-10-10 13:45:14.689000,15.53625
2024-10-10 13:45:14.939000,15.54522
2024-10-10 13:45:15.189000,15.53497
2024-10-10 13:45:15.439000,15.52729
2024-10-10 13:45:15.689000,15.4991
2024-10-10 13:45:15.939000,15.4991
2024-10-10 13:45:16.189000,15.48501
2024-10-10 13:45:16.439000,15.48462
2024-10-10 13:45:16.689000,15.47949
2024-10-10 13:45:16.939000,15.4859
2024-10-10 13:45:17.189000,15.4923
2024-10-10 13:45:17.439000,15.48334
2024-10-10 13:45:17.689000,15.47565
2024-10-10 13:45:17.939000,15.48206
2024-10-10 13:45:18.189000,15.46668
2024-10-10 13:45:18.439000,15.45644
2024-10-10 13:45:18.689000,15.42826
2024-10-10 13:45:18.939000,15.43466
2024-10-10 13:45:19.189000,15.41929
2024-10-10 13:45:19.439000,15.42185
2024-10-10 13:45:19.689000,15.41288
2024-10-10 13:45:19.939000,15.4116
2024-10-10 13:45:20.189000,15.40392
2024-10-10 13:45:20.439000,15.3847
2024-10-10 13:45:20.689000,15.39111
2024-10-10 13:45:20.939000,15.38855
2024-10-10 13:45:21.189000,15.38086
2024-10-10 13:45:21.439000,15.37702
2024-10-10 13:45:21.689000,15.37189
2024-10-10 13:45:21.939000,15.37061
2024-10-10 13:45:22.189000,15.35268
2024-10-10 13:45:22.439000,15.3514
2024-10-10 13:45:22.689000,15.33731
2024-10-10 13:45:22.939000,15.34243
2024-10-10 13:45:23.189000,15.33347
2024-10-10 13:45:23.439000,15.33603
2024-10-10 13:45:23.689000,15.32962
2024-10-10 13:45:23.939000,15.3181
2024-10-10 13:45:24.189000,15.33347
2024-10-10 13:45:24.439000,15.34115
2024-10-10 13:45:24.689000,15.35909
2024-10-10 13:45:24.939000,15.38983
2024-10-10 13:45:25.189000,15.4116
2024-10-10 13:45:25.439000,15.42057
2024-10-10 13:45:25.689000,15.4116
2024-10-10 13:45:25.939000,15.41288
2024-10-10 13:45:26.189000,15.42057
2024-10-10 13:45:26.439000,15.39879
2024-10-10 13:45:26.689000,15.39367
2024-10-10 13:45:26.939000,15.36805
2024-10-10 13:45:27.189000,15.36805
2024-10-10 13:45:27.439000,15.36549
2024-10-10 13:45:27.689000,15.34884
2024-10-10 13:45:27.939000,15.34243
2024-10-10 13:45:28.189000,15.34115
2024-10-10 13:45:28.439000,15.32962
2024-10-10 13:45:28.689000,15.29376
2024-10-10 13:45:28.939000,15.29504
2024-10-10 13:45:29.189000,15.27582
2024-10-10 13:45:29.439000,15.27967
2024-10-10 13:45:29.939000,15.27198
2024-10-10 13:45:30.189000,15.28991
2024-10-10 13:45:30.439000,15.25789
2024-10-10 13:45:30.689000,15.26301
2024-10-10 13:45:30.939000,15.24508
2024-10-10 13:45:31.189000,15.23996
2024-10-10 13:45:31.439000,15.23868
2024-10-10 13:45:31.689000,15.2374
2024-10-10 13:45:31.939000,15.25021
2024-10-10 13:45:32.189000,15.21562
2024-10-10 13:45:32.439000,15.21434
2024-10-10 13:45:32.689000,15.20153
2024-10-10 13:45:32.939000,15.20281
2024-10-10 13:45:33.189000,15.19512
2024-10-10 13:45:33.439000,15.19384
2024-10-10 13:45:33.689000,15.18744
2024-10-10 13:45:33.939000,15.16694
2024-10-10 13:45:34.189000,15.16438
2024-10-10 13:45:34.439000,15.14645
2024-10-10 13:45:34.689000,15.14517
2024-10-10 13:45:34.939000,15.14645
2024-10-10 13:45:35.189000,15.14261
2024-10-10 13:45:35.439000,15.14389
2024-10-10 13:45:35.689000,15.12211
2024-10-10 13:45:35.939000,15.12211
2024-10-10 13:45:36.189000,15.10674
2024-10-10 13:45:36.439000,15.1029
2024-10-10 13:45:36.689000,15.10161
2024-10-10 13:45:36.939000,15.09905
2024-10-10 13:45:37.189000,15.09137
2024-10-10 13:45:37.439000,15.06319
2024-10-10 13:45:37.689000,15.06959
2024-10-10 13:45:37.939000,15.0555
2024-10-10 13:45:38.189000,15.0555
2024-10-10 13:45:38.439000,15.05422
2024-10-10 13:45:38.689000,15.05166
2024-10-10 13:45:38.939000,15.05038
2024-10-10 13:45:39.189000,15.0491
2024-10-10 13:45:39.439000,15.04013
2024-10-10 13:45:39.689000,15.01579
2024-10-10 13:45:39.939000,15.01579
2024-10-10 13:45:40.189000,15.01963
2024-10-10 13:45:40.439000,15.01195
2024-10-10 13:45:40.689000,15.00554
2024-10-10 13:45:40.939000,14.97993
2024-10-10 13:45:41.189000,14.98268
2024-10-10 13:45:41.439000,14.96731
2024-10-10 13:45:41.689000,14.96603
2024-10-10 13:45:41.939000,14.96603
2024-10-10 13:45:42.189000,14.96475
2024-10-10 13:45:42.439000,14.9814
2024-10-10 13:45:42.689000,14.94425
2024-10-10 13:45:42.939000,14.94169
2024-10-10 13:45:43.189000,14.95578
2024-10-10 13:45:43.439000,14.94425
2024-10-10 13:45:43.689000,14.92888
2024-10-10 13:45:43.939000,14.9212
2024-10-10 13:45:44.189000,14.91095
2024-10-10 13:45:44.439000,14.91095
2024-10-10 13:45:44.689000,14.91479
2024-10-10 13:45:44.939000,14.89558
2024-10-10 13:45:45.189000,14.88533
2024-10-10 13:45:45.439000,14.89942
2024-10-10 13:45:45.689000,14.86355
2024-10-10 13:45:45.939000,14.86868
2024-10-10 13:45:46.189000,14.8674
2024-10-10 13:45:46.439000,14.85587
2024-10-10 13:45:46.689000,14.85202
2024-10-10 13:45:46.939000,14.83921
2024-10-10 13:45:47.189000,14.83153
2024-10-10 13:45:47.439000,14.81103
2024-10-10 13:45:47.689000,14.82
2024-10-10 13:45:47.939000,14.80207
2024-10-10 13:45:48.189000,14.80207
2024-10-10 13:45:48.439000,14.80079
2024-10-10 13:45:48.689000,14.79694
2024-10-10 13:45:48.939000,14.78413
2024-10-10 13:45:49.189000,14.76236
2024-10-10 13:45:49.439000,14.77132
2024-10-10 13:45:49.689000,14.76364
2024-10-10 13:45:49.939000,14.7726
2024-10-10 13:45:50.189000,14.75723
2024-10-10 13:45:50.439000,14.74955
2024-10-10 13:45:50.689000,14.75083
2024-10-10 13:45:50.939000,14.74699
2024-10-10 13:45:51.189000,14.74186
2024-10-10 13:45:51.439000,14.72649
2024-10-10 13:45:51.689000,14.72137
2024-10-10 13:45:51.939000,14.71496
2024-10-10 13:45:52.189000,14.69319
2024-10-10 13:45:52.439000,14.70343
2024-10-10 13:45:52.689000,14.69575
2024-10-10 13:45:52.939000,14.69319
2024-10-10 13:45:53.189000,14.68678
2024-10-10 13:45:53.439000,14.6855
2024-10-10 13:45:53.689000,14.67525
2024-10-10 13:45:53.939000,14.65348
2024-10-10 13:45:54.189000,14.66116
2024-10-10 13:45:54.439000,14.6791
2024-10-10 13:45:54.689000,14.66885
2024-10-10 13:45:54.939000,14.68294
2024-10-10 13:45:55.189000,14.65092
2024-10-10 13:45:55.439000,14.65732
2024-10-10 13:45:55.689000,14.64195
2024-10-10 13:45:55.939000,14.64451
2024-10-10 13:45:56.189000,14.63298
2024-10-10 13:45:56.439000,14.62914
2024-10-10 13:45:56.689000,14.62786
2024-10-10 13:45:56.939000,14.62273
2024-10-10 13:45:57.189000,14.62401
2024-10-10 13:45:57.439000,14.60993
2024-10-10 13:45:57.689000,14.59968
2024-10-10 13:45:57.939000,14.59455
2024-10-10 13:45:58.189000,14.56893
2024-10-10 13:45:58.439000,14.5779
2024-10-10 13:45:58.689000,14.57022
2024-10-10 13:45:58.939000,14.56509
2024-10-10 13:45:59.189000,14.55741
2024-10-10 13:45:59.439000,14.551
2024-10-10 13:45:59.689000,14.54972
2024-10-10 13:45:59.939000,14.53051
2024-10-10 13:46:00.189000,14.53947
2024-10-10 13:46:00.439000,14.54716
2024-10-10 13:46:00.689000,14.52794
2024-10-10 13:46:00.939000,14.53051
2024-10-10 13:46:01.189000,14.52794
2024-10-10 13:46:01.439000,14.52154
2024-10-10 13:46:01.689000,14.50361
2024-10-10 13:46:01.939000,14.50361
2024-10-10 13:46:02.189000,14.49336
2024-10-10 13:46:02.439000,14.49336
2024-10-10 13:46:02.689000,14.49336
2024-10-10 13:46:02.939000,14.48183
2024-10-10 13:46:03.189000,14.47799
2024-10-10 13:46:03.439000,14.46262
2024-10-10 13:46:03.689000,14.45852
2024-10-10 13:46:03.939000,14.45852
2024-10-10 13:46:04.189000,14.44955
2024-10-10 13:46:04.439000,14.44443
2024-10-10 13:46:04.689000,14.43802
2024-10-10 13:46:04.939000,14.45083
2024-10-10 13:46:05.189000,14.42649
2024-10-10 13:46:05.439000,14.43162
2024-10-10 13:46:05.689000,14.40984
2024-10-10 13:46:05.939000,14.4124
2024-10-10 13:46:06.189000,14.42137
2024-10-10 13:46:06.439000,14.406
2024-10-10 13:46:06.689000,14.39831
2024-10-10 13:46:06.939000,14.37398
2024-10-10 13:46:07.189000,14.38038
2024-10-10 13:46:07.439000,14.38038
2024-10-10 13:46:07.689000,14.37269
2024-10-10 13:46:07.939000,14.38038
2024-10-10 13:46:08.189000,14.36629
2024-10-10 13:46:08.439000,14.37654
2024-10-10 13:46:08.689000,14.36373
2024-10-10 13:46:08.939000,14.35476
2024-10-10 13:46:09.189000,14.33427
2024-10-10 13:46:09.439000,14.33939
2024-10-10 13:46:09.689000,14.32018
2024-10-10 13:46:09.939000,14.32146
2024-10-10 13:46:10.189000,14.31761
2024-10-10 13:46:10.439000,14.31121
2024-10-10 13:46:10.689000,14.30737
2024-10-10 13:46:10.939000,14.29968
2024-10-10 13:46:11.189000,14.29584
2024-10-10 13:46:11.439000,14.27278
2024-10-10 13:46:11.689000,14.27662
2024-10-10 13:46:11.939000,14.27534
2024-10-10 13:46:12.189000,14.27022
2024-10-10 13:46:12.439000,14.28303
2024-10-10 13:46:12.689000,14.25357
2024-10-10 13:46:12.939000,14.25613
2024-10-10 13:46:13.189000,14.23691
2024-10-10 13:46:13.439000,14.23435
2024-10-10 13:46:13.689000,14.23179
2024-10-10 13:46:13.939000,14.22026
2024-10-10 13:46:14.189000,14.23435
2024-10-10 13:46:14.439000,14.20361
2024-10-10 13:46:14.689000,14.21258
2024-10-10 13:46:14.939000,14.19208
2024-10-10 13:46:15.189000,14.19849
2024-10-10 13:46:15.439000,14.18824
2024-10-10 13:46:15.689000,14.1844
2024-10-10 13:46:15.939000,14.18311
2024-10-10 13:46:16.189000,14.18183
2024-10-10 13:46:16.439000,14.17927
2024-10-10 13:46:16.689000,14.15621
2024-10-10 13:46:16.939000,14.15621
2024-10-10 13:46:17.189000,14.14469
2024-10-10 13:46:17.439000,14.14853
2024-10-10 13:46:17.689000,14.14853
2024-10-10 13:46:17.939000,14.12291
2024-10-10 13:46:18.189000,14.12547
2024-10-10 13:46:18.439000,14.11266
2024-10-10 13:46:18.689000,14.1101
2024-10-10 13:46:18.939000,14.10498
2024-10-10 13:46:19.189000,14.10113
2024-10-10 13:46:19.439000,14.11779
2024-10-10 13:46:19.689000,14.08576
2024-10-10 13:46:19.939000,14.09217
2024-10-10 13:46:20.189000,14.07423
2024-10-10 13:46:20.439000,14.07295
2024-10-10 13:46:20.689000,14.07551
2024-10-10 13:46:20.939000,14.06014
2024-10-10 13:46:21.189000,14.08064
2024-10-10 13:46:21.439000,14.06783
2024-10-10 13:46:21.689000,14.05886
2024-10-10 13:46:21.939000,14.07039
2024-10-10 13:46:22.189000,14.07167
2024-10-10 13:46:22.439000,14.05886
2024-10-10 13:46:22.689000,14.05118
2024-10-10 13:46:22.939000,14.04733
2024-10-10 13:46:23.189000,14.023
2024-10-10 13:46:23.439000,14.023
2024-10-10 13:46:23.689000,14.01531
2024-10-10 13:46:23.939000,14.01659
2024-10-10 13:46:24.189000,14.00378
2024-10-10 13:46:24.439000,13.99738
2024-10-10 13:46:24.689000,13.99097
2024-10-10 13:46:24.939000,13.98329
2024-10-10 13:46:25.189000,13.98329
2024-10-10 13:46:25.439000,13.97304
2024-10-10 13:46:25.689000,13.96535
2024-10-10 13:46:25.939000,13.96154
2024-10-10 13:46:26.189000,13.94745
2024-10-10 13:46:26.439000,13.94617
2024-10-10 13:46:26.689000,13.9308
2024-10-10 13:46:26.939000,13.93208
2024-10-10 13:46:27.189000,13.92568
2024-10-10 13:46:27.439000,13.92055
2024-10-10 13:46:27.689000,13.91799
2024-10-10 13:46:27.939000,13.9103
2024-10-10 13:46:28.189000,13.90902
2024-10-10 13:46:28.439000,13.88981
2024-10-10 13:46:28.689000,13.89493
2024-10-10 13:46:28.939000,13.9039
2024-10-10 13:46:29.189000,13.88725
2024-10-10 13:46:29.439000,13.877
2024-10-10 13:46:29.689000,13.85907
2024-10-10 13:46:29.939000,13.86675
2024-10-10 13:46:30.189000,13.84626
2024-10-10 13:46:30.439000,13.85522
2024-10-10 13:46:30.689000,13.8501
2024-10-10 13:46:30.939000,13.8437
2024-10-10 13:46:31.189000,13.86419
2024-10-10 13:46:31.439000,13.83857
2024-10-10 13:46:31.689000,13.83857
2024-10-10 13:46:31.939000,13.83217
2024-10-10 13:46:32.189000,13.84882
2024-10-10 13:46:32.439000,13.83729
2024-10-10 13:46:32.689000,13.82961
2024-10-10 13:46:32.939000,13.8232
2024-10-10 13:46:33.189000,13.82448
2024-10-10 13:46:33.439000,13.81295
2024-10-10 13:46:33.689000,13.79886
2024-10-10 13:46:33.939000,13.8027
2024-10-10 13:46:34.189000,13.79886
2024-10-10 13:46:34.439000,13.79118
2024-10-10 13:46:34.689000,13.79118
2024-10-10 13:46:35.189000,13.77965
2024-10-10 13:46:35.439000,13.7694
2024-10-10 13:46:35.689000,13.77196
2024-10-10 13:46:35.939000,13.763
2024-10-10 13:46:36.189000,13.7361
2024-10-10 13:46:36.439000,13.74634
2024-10-10 13:46:36.689000,13.73097
2024-10-10 13:46:36.939000,13.73097
2024-10-10 13:46:37.189000,13.74378
2024-10-10 13:46:37.439000,13.73481
2024-10-10 13:46:37.689000,13.72841
2024-10-10 13:46:37.939000,13.71048
2024-10-10 13:46:38.189000,13.71048
2024-10-10 13:46:38.439000,13.70792
2024-10-10 13:46:38.689000,13.71432
2024-10-10 13:46:38.939000,13.70279
2024-10-10 13:46:39.439000,13.69126
2024-10-10 13:46:39.689000,13.66821
2024-10-10 13:46:39.939000,13.66821
2024-10-10 13:46:40.189000,13.67077
2024-10-10 13:46:40.439000,13.67077
2024-10-10 13:46:40.689000,13.66308
2024-10-10 13:46:40.939000,13.63874
2024-10-10 13:46:41.189000,13.64771
2024-10-10 13:46:41.439000,13.65924
2024-10-10 13:46:41.689000,13.64899
2024-10-10 13:46:41.939000,13.63746
2024-10-10 13:46:42.189000,13.62722
2024-10-10 13:46:42.439000,13.62593
2024-10-10 13:46:42.689000,13.60672
2024-10-10 13:46:42.939000,13.60928
2024-10-10 13:46:43.189000,13.62722
2024-10-10 13:46:43.439000,13.61441
2024-10-10 13:46:43.939000,13.5811
2024-10-10 13:46:44.189000,13.58879
2024-10-10 13:46:44.439000,13.60032
2024-10-10 13:46:44.689000,13.58494
2024-10-10 13:46:44.939000,13.57854
2024-10-10 13:46:45.189000,13.57342
2024-10-10 13:46:45.439000,13.56061
2024-10-10 13:46:45.689000,13.54267
2024-10-10 13:46:45.939000,13.54267
2024-10-10 13:46:46.189000,13.53499
2024-10-10 13:46:46.439000,13.53243
2024-10-10 13:46:46.689000,13.53627
2024-10-10 13:46:46.939000,13.51577
2024-10-10 13:46:47.189000,13.5209
2024-10-10 13:46:47.439000,13.50553
2024-10-10 13:46:47.689000,13.50296
2024-10-10 13:46:47.939000,13.50681
2024-10-10 13:46:48.189000,13.50296
2024-10-10 13:46:48.439000,13.51705
2024-10-10 13:46:48.689000,13.48375
2024-10-10 13:46:48.939000,13.47991
2024-10-10 13:46:49.189000,13.46838
2024-10-10 13:46:49.439000,13.47991
2024-10-10 13:46:49.689000,13.47734
2024-10-10 13:46:49.939000,13.46838
2024-10-10 13:46:50.189000,13.46966
2024-10-10 13:46:50.439000,13.45045
2024-10-10 13:46:50.689000,13.45403
2024-10-10 13:46:50.939000,13.44634
2024-10-10 13:46:51.189000,13.46684
2024-10-10 13:46:51.439000,13.45275
2024-10-10 13:46:51.689000,13.45019
2024-10-10 13:46:51.939000,13.44122
2024-10-10 13:46:52.189000,13.42072
2024-10-10 13:46:52.439000,13.41816
2024-10-10 13:46:52.689000,13.40535
2024-10-10 13:46:52.939000,13.41048
2024-10-10 13:46:53.189000,13.40023
2024-10-10 13:46:53.439000,13.39254
2024-10-10 13:46:53.689000,13.39254
2024-10-10 13:46:53.939000,13.38101
2024-10-10 13:46:54.189000,13.36949
2024-10-10 13:46:54.439000,13.37589
2024-10-10 13:46:54.689000,13.36308
2024-10-10 13:46:54.939000,13.37461
2024-10-10 13:46:55.189000,13.35668
2024-10-10 13:46:55.439000,13.34899
2024-10-10 13:46:55.689000,13.34259
2024-10-10 13:46:55.939000,13.35411
2024-10-10 13:46:56.189000,13.36821
2024-10-10 13:46:56.439000,13.3887
2024-10-10 13:46:56.689000,13.41048
2024-10-10 13:46:56.939000,13.40151
2024-10-10 13:46:57.189000,13.41176
2024-10-10 13:46:57.439000,13.39767
2024-10-10 13:46:57.689000,13.39767
2024-10-10 13:46:57.939000,13.38998
2024-10-10 13:46:58.189000,13.37589
2024-10-10 13:46:58.439000,13.37589
2024-10-10 13:46:58.689000,13.35411
2024-10-10 13:46:58.939000,13.3554
2024-10-10 13:46:59.189000,13.36821
2024-10-10 13:46:59.439000,13.35027
2024-10-10 13:46:59.689000,13.34387
2024-10-10 13:46:59.939000,13.31312
2024-10-10 13:47:00.189000,13.31312
2024-10-10 13:47:00.439000,13.30416
2024-10-10 13:47:00.689000,13.3016
2024-10-10 13:47:00.939000,13.30672
2024-10-10 13:47:01.189000,13.30416
2024-10-10 13:47:01.439000,13.30031
2024-10-10 13:47:01.689000,13.28494
2024-10-10 13:47:01.939000,13.28622
2024-10-10 13:47:02.189000,13.27085
2024-10-10 13:47:02.439000,13.26957
2024-10-10 13:47:02.689000,13.27341
2024-10-10 13:47:02.939000,13.27213
2024-10-10 13:47:03.189000,13.26189
2024-10-10 13:47:03.439000,13.25292
2024-10-10 13:47:03.689000,13.25292
2024-10-10 13:47:03.939000,13.26189
2024-10-10 13:47:04.189000,13.25164
2024-10-10 13:47:04.439000,13.24908
2024-10-10 13:47:04.689000,13.24267
2024-10-10 13:47:04.939000,13.2542
2024-10-10 13:47:05.189000,13.22346
2024-10-10 13:47:05.439000,13.22602
2024-10-10 13:47:05.689000,13.20809
2024-10-10 13:47:05.939000,13.20552
2024-10-10 13:47:06.189000,13.22858
2024-10-10 13:47:06.439000,13.21321
2024-10-10 13:47:06.689000,13.20937
2024-10-10 13:47:06.939000,13.194
2024-10-10 13:47:07.189000,13.2004
2024-10-10 13:47:07.439000,13.18119
2024-10-10 13:47:07.689000,13.18119
2024-10-10 13:47:07.939000,13.18119
2024-10-10 13:47:08.189000,13.1735
2024-10-10 13:47:08.439000,13.18247
2024-10-10 13:47:08.689000,13.16069
2024-10-10 13:47:08.939000,13.1671
2024-10-10 13:47:09.189000,13.1466
2024-10-10 13:47:09.439000,13.14916
2024-10-10 13:47:09.689000,13.15557
2024-10-10 13:47:09.939000,13.15685
2024-10-10 13:47:10.189000,13.16325
2024-10-10 13:47:10.439000,13.15557
2024-10-10 13:47:10.689000,13.16325
2024-10-10 13:47:10.939000,13.14532
2024-10-10 13:47:11.189000,13.14404
2024-10-10 13:47:11.439000,13.13763
2024-10-10 13:47:11.689000,13.13251
2024-10-10 13:47:11.939000,13.12739
2024-10-10 13:47:12.189000,13.10689
2024-10-10 13:47:12.439000,13.11714
2024-10-10 13:47:12.689000,13.09664
2024-10-10 13:47:12.939000,13.10305
2024-10-10 13:47:13.189000,13.10433
2024-10-10 13:47:13.439000,13.10049
2024-10-10 13:47:13.689000,13.08896
2024-10-10 13:47:13.939000,13.08383
2024-10-10 13:47:14.189000,13.08255
2024-10-10 13:47:14.439000,13.08255
2024-10-10 13:47:14.689000,13.06846
2024-10-10 13:47:14.939000,13.08127
2024-10-10 13:47:15.189000,13.06975
2024-10-10 13:47:15.439000,13.07999
2024-10-10 13:47:15.689000,13.04669
2024-10-10 13:47:15.939000,13.05053
2024-10-10 13:47:16.189000,13.05822
2024-10-10 13:47:16.439000,13.03516
2024-10-10 13:47:16.689000,13.0326
2024-10-10 13:47:16.939000,13.0326
2024-10-10 13:47:17.189000,13.04156
2024-10-10 13:47:17.439000,13.01338
2024-10-10 13:47:17.689000,13.01723
2024-10-10 13:47:17.939000,13.01082
2024-10-10 13:47:18.189000,13.00698
2024-10-10 13:47:18.439000,13.0057
2024-10-10 13:47:18.689000,12.99801
2024-10-10 13:47:18.939000,13.00057
2024-10-10 13:47:19.189000,12.9852
